{"info":{"year":"2023","version":"1","description":"Exported from roboflow.com","contributor":"","url":"https://public.roboflow.com/object-detection/undefined","date_created":"2023-12-13T22:02:50+00:00"},"licenses":[{"id":1,"url":"https://creativecommons.org/licenses/by/4.0/","name":"CC BY 4.0"}],"categories":[{"id":0,"name":"WRO","supercategory":"none"},{"id":1,"name":"Diver","supercategory":"WRO"},{"id":2,"name":"Rope","supercategory":"WRO"}],"images":[{"id":0,"license":1,"file_name":"00801-5-_png.rf.013b4f19a5bec253406a9da32e49d8e7.jpg","height":640,"width":640,"date_captured":"2023-12-13T22:02:50+00:00"},{"id":1,"license":1,"file_name":"109101_png.rf.0abf8e6206a31963e0a7dd5fd1afc908.jpg","height":640,"width":640,"date_captured":"2023-12-13T22:02:50+00:00"},{"id":2,"license":1,"file_name":"01501-2-_png.rf.046ff772dbadb182c08850b137e81577.jpg","height":640,"width":640,"date_captured":"2023-12-13T22:02:50+00:00"},{"id":3,"license":1,"file_name":"00501-4-_png.rf.09a24dbe701b0d5405caec681bbecf11.jpg","height":640,"width":640,"date_captured":"2023-12-13T22:02:50+00:00"},{"id":4,"license":1,"file_name":"00401-4-_png.rf.0967b7d9bfce5d682a6ff049a858b939.jpg","height":640,"width":640,"date_captured":"2023-12-13T22:02:50+00:00"},{"id":5,"license":1,"file_name":"110301_png.rf.01c6d6ecc74e86665cb15fa18d235fce.jpg","height":640,"width":640,"date_captured":"2023-12-13T22:02:50+00:00"},{"id":6,"license":1,"file_name":"00401-3-_png.rf.0a4b0b0ccdb404b0284eba0a14d8b143.jpg","height":640,"width":640,"date_captured":"2023-12-13T22:02:50+00:00"},{"id":7,"license":1,"file_name":"00401-3-_png.rf.0827e727c779390a94b363cd63fff3d8.jpg","height":640,"width":640,"date_captured":"2023-12-13T22:02:50+00:00"},{"id":8,"license":1,"file_name":"03501-2-_png.rf.05d988089286e36c04f321ced2fc1da8.jpg","height":640,"width":640,"date_captured":"2023-12-13T22:02:50+00:00"},{"id":9,"license":1,"file_name":"01801-5-_png.rf.079b6629b15e6f433dc2f8a5cd7d2e93.jpg","height":640,"width":640,"date_captured":"2023-12-13T22:02:50+00:00"},{"id":10,"license":1,"file_name":"00801_png.rf.0900b52ab69e50b2b896d3bcfdc91e2c.jpg","height":640,"width":640,"date_captured":"2023-12-13T22:02:50+00:00"},{"id":11,"license":1,"file_name":"00901-4-_png.rf.022706792cfbefabef991da860956380.jpg","height":640,"width":640,"date_captured":"2023-12-13T22:02:50+00:00"},{"id":12,"license":1,"file_name":"02901_png.rf.02e1e35bae8e546223e84abe90f994f3.jpg","height":640,"width":640,"date_captured":"2023-12-13T22:02:50+00:00"},{"id":13,"license":1,"file_name":"02001_png.rf.06a49fc8c09a1ae6e8c12a4fd44407f2.jpg","height":640,"width":640,"date_captured":"2023-12-13T22:02:50+00:00"},{"id":14,"license":1,"file_name":"01301-2-_png.rf.0c9b4f295b4f1d88968843fa02b352f8.jpg","height":640,"width":640,"date_captured":"2023-12-13T22:02:50+00:00"},{"id":15,"license":1,"file_name":"109601_png.rf.04a5fbffc9d3c79c3ce1cc68491a8257.jpg","height":640,"width":640,"date_captured":"2023-12-13T22:02:50+00:00"},{"id":16,"license":1,"file_name":"02101-3-_png.rf.119c2b5606547ad82c2d2e5f5bcdc5dd.jpg","height":640,"width":640,"date_captured":"2023-12-13T22:02:50+00:00"},{"id":17,"license":1,"file_name":"02501-3-_png.rf.021ac7ee7e5fab7c19b7f629eff79596.jpg","height":640,"width":640,"date_captured":"2023-12-13T22:02:50+00:00"},{"id":18,"license":1,"file_name":"03301_png.rf.118a3b2da415f4584a1edbb1b83d061d.jpg","height":640,"width":640,"date_captured":"2023-12-13T22:02:50+00:00"},{"id":19,"license":1,"file_name":"09501_png.rf.056806a9915cc4ba32c8c93b4b33b38c.jpg","height":640,"width":640,"date_captured":"2023-12-13T22:02:50+00:00"},{"id":20,"license":1,"file_name":"01301-4-_png.rf.11f53062c889461e0e460b99c78ac054.jpg","height":640,"width":640,"date_captured":"2023-12-13T22:02:50+00:00"},{"id":21,"license":1,"file_name":"00401-2-_png.rf.0f0333acfd7c15b0feaedd0338e187c0.jpg","height":640,"width":640,"date_captured":"2023-12-13T22:02:50+00:00"},{"id":22,"license":1,"file_name":"00401-3-_png.rf.10a23116be66cda874d594562b9644b4.jpg","height":640,"width":640,"date_captured":"2023-12-13T22:02:50+00:00"},{"id":23,"license":1,"file_name":"01101-5-_png.rf.121c079efb2a07adbca1ebb0668e5ce0.jpg","height":640,"width":640,"date_captured":"2023-12-13T22:02:50+00:00"},{"id":24,"license":1,"file_name":"03301_png.rf.01180534ff0b27ad0dbbf3749fe40658.jpg","height":640,"width":640,"date_captured":"2023-12-13T22:02:50+00:00"},{"id":25,"license":1,"file_name":"00801-3-_png.rf.177a52b424a3ac152e6a44e9d89b2499.jpg","height":640,"width":640,"date_captured":"2023-12-13T22:02:50+00:00"},{"id":26,"license":1,"file_name":"00801-5-_png.rf.1a581849759edff0ac508208d959724a.jpg","height":640,"width":640,"date_captured":"2023-12-13T22:02:50+00:00"},{"id":27,"license":1,"file_name":"02801_png.rf.151ba08ea189b77f6b33628a010ab137.jpg","height":640,"width":640,"date_captured":"2023-12-13T22:02:50+00:00"},{"id":28,"license":1,"file_name":"00301_png.rf.19f385913923dc41f9d304a84750372e.jpg","height":640,"width":640,"date_captured":"2023-12-13T22:02:50+00:00"},{"id":29,"license":1,"file_name":"03301-2-_png.rf.1cb28a4d3861275ed7642e7c3d01c103.jpg","height":640,"width":640,"date_captured":"2023-12-13T22:02:50+00:00"},{"id":30,"license":1,"file_name":"02501-2-_png.rf.189fb25daa2e62a50767bd680fabe67c.jpg","height":640,"width":640,"date_captured":"2023-12-13T22:02:50+00:00"},{"id":31,"license":1,"file_name":"02001-4-_png.rf.1fed5579432145a9a0325b17842efec5.jpg","height":640,"width":640,"date_captured":"2023-12-13T22:02:50+00:00"},{"id":32,"license":1,"file_name":"02701-4-_png.rf.1ead54c577e11f7e42c49042310dc1b1.jpg","height":640,"width":640,"date_captured":"2023-12-13T22:02:50+00:00"},{"id":33,"license":1,"file_name":"03001_png.rf.1364b3b1b4129f3ed22cdaa4638ec830.jpg","height":640,"width":640,"date_captured":"2023-12-13T22:02:50+00:00"},{"id":34,"license":1,"file_name":"101301_png.rf.190bc2b52d46bfbc3c92bc449ee7a6c3.jpg","height":640,"width":640,"date_captured":"2023-12-13T22:02:50+00:00"},{"id":35,"license":1,"file_name":"02001_png.rf.1deabac73af6b793b178ad3853a75688.jpg","height":640,"width":640,"date_captured":"2023-12-13T22:02:50+00:00"},{"id":36,"license":1,"file_name":"01501-5-_png.rf.1ce5c1cf5482b291bcefcdce98004f6e.jpg","height":640,"width":640,"date_captured":"2023-12-13T22:02:50+00:00"},{"id":37,"license":1,"file_name":"03101-2-_png.rf.220e485ff257b94bf29431d4f9ef6194.jpg","height":640,"width":640,"date_captured":"2023-12-13T22:02:50+00:00"},{"id":38,"license":1,"file_name":"01301-4-_png.rf.2cc613b3b164ee6bc6b44521807b058e.jpg","height":640,"width":640,"date_captured":"2023-12-13T22:02:50+00:00"},{"id":39,"license":1,"file_name":"110501_png.rf.286c8994f0de6cc3b26d9074235a662c.jpg","height":640,"width":640,"date_captured":"2023-12-13T22:02:50+00:00"},{"id":40,"license":1,"file_name":"04101_png.rf.295b11a9adf5c185c0c51db122f23b60.jpg","height":640,"width":640,"date_captured":"2023-12-13T22:02:50+00:00"},{"id":41,"license":1,"file_name":"02201-3-_png.rf.3233a37aa56b48f5e1b4c25dd474fda6.jpg","height":640,"width":640,"date_captured":"2023-12-13T22:02:50+00:00"},{"id":42,"license":1,"file_name":"01301-2-_png.rf.2cad9b36134f3a0f74970fe49a7a7035.jpg","height":640,"width":640,"date_captured":"2023-12-13T22:02:50+00:00"},{"id":43,"license":1,"file_name":"110501_png.rf.2cc2e9c9962222b5205c84b72d35d738.jpg","height":640,"width":640,"date_captured":"2023-12-13T22:02:50+00:00"},{"id":44,"license":1,"file_name":"01201-4-_png.rf.24a7b130fd1d18916a25676388324c6e.jpg","height":640,"width":640,"date_captured":"2023-12-13T22:02:50+00:00"},{"id":45,"license":1,"file_name":"02301_png.rf.28d1e012ab303762d414f4e062d5d4e8.jpg","height":640,"width":640,"date_captured":"2023-12-13T22:02:50+00:00"},{"id":46,"license":1,"file_name":"00601-4-_png.rf.30917505402f7ac492d3f5c36bf6fe85.jpg","height":640,"width":640,"date_captured":"2023-12-13T22:02:50+00:00"},{"id":47,"license":1,"file_name":"01201-3-_png.rf.3aa3cb51a53cea54b0f0ef4845cf5d96.jpg","height":640,"width":640,"date_captured":"2023-12-13T22:02:50+00:00"},{"id":48,"license":1,"file_name":"09501_png.rf.34218cac0ae2dfd41d50666e012c48fc.jpg","height":640,"width":640,"date_captured":"2023-12-13T22:02:50+00:00"},{"id":49,"license":1,"file_name":"01201-4-_png.rf.3680d6ef7fa429037c882beaccfcce83.jpg","height":640,"width":640,"date_captured":"2023-12-13T22:02:50+00:00"},{"id":50,"license":1,"file_name":"03801_png.rf.33f3f11b08bcd9f728b54af473105198.jpg","height":640,"width":640,"date_captured":"2023-12-13T22:02:50+00:00"},{"id":51,"license":1,"file_name":"10301_png.rf.3370d7b449ad67aa3fad71094212891c.jpg","height":640,"width":640,"date_captured":"2023-12-13T22:02:50+00:00"},{"id":52,"license":1,"file_name":"02601-4-_png.rf.3aed65a91d75a881291cea74bc884c20.jpg","height":640,"width":640,"date_captured":"2023-12-13T22:02:50+00:00"},{"id":53,"license":1,"file_name":"03101-4-_png.rf.349b5be46aa49669e61118d4341ee473.jpg","height":640,"width":640,"date_captured":"2023-12-13T22:02:50+00:00"},{"id":54,"license":1,"file_name":"02901-2-_png.rf.3a25bc98f309a769d72ac98d58d9907b.jpg","height":640,"width":640,"date_captured":"2023-12-13T22:02:50+00:00"},{"id":55,"license":1,"file_name":"09801_png.rf.3ae34a8e9eddff949998fe54a1c6be44.jpg","height":640,"width":640,"date_captured":"2023-12-13T22:02:50+00:00"},{"id":56,"license":1,"file_name":"01401-3-_png.rf.3b2a84a4ce931918c8f58f93147e2e6a.jpg","height":640,"width":640,"date_captured":"2023-12-13T22:02:50+00:00"},{"id":57,"license":1,"file_name":"01901-5-_png.rf.3c3ddc1f07196c23e85b1d1b6282ef79.jpg","height":640,"width":640,"date_captured":"2023-12-13T22:02:50+00:00"},{"id":58,"license":1,"file_name":"02501_png.rf.3c77661983d87f332e0364ad2e64d665.jpg","height":640,"width":640,"date_captured":"2023-12-13T22:02:50+00:00"},{"id":59,"license":1,"file_name":"02501_png.rf.3be2381917d31c9afa3b860a31ea86a3.jpg","height":640,"width":640,"date_captured":"2023-12-13T22:02:50+00:00"},{"id":60,"license":1,"file_name":"01201-5-_png.rf.3f5e79a65494a50dd0af81b245fd0f04.jpg","height":640,"width":640,"date_captured":"2023-12-13T22:02:50+00:00"},{"id":61,"license":1,"file_name":"02701-2-_png.rf.3e76c575cc7b1700ece6ee38e8e2b89b.jpg","height":640,"width":640,"date_captured":"2023-12-13T22:02:50+00:00"},{"id":62,"license":1,"file_name":"100601_png.rf.3b32bdc85248fb31a44d6cf8ffd05921.jpg","height":640,"width":640,"date_captured":"2023-12-13T22:02:50+00:00"},{"id":63,"license":1,"file_name":"02001-2-_png.rf.400e523a966d5fb4e2d969a64f54624b.jpg","height":640,"width":640,"date_captured":"2023-12-13T22:02:50+00:00"},{"id":64,"license":1,"file_name":"03001-2-_png.rf.3c26ee31b800b5a583a3066eefa555b9.jpg","height":640,"width":640,"date_captured":"2023-12-13T22:02:50+00:00"},{"id":65,"license":1,"file_name":"01901-4-_png.rf.401e0804152dcd6cb20b5ceb295683ac.jpg","height":640,"width":640,"date_captured":"2023-12-13T22:02:50+00:00"},{"id":66,"license":1,"file_name":"00801-5-_png.rf.3daf63b325e1f3de41fb584537ef35bf.jpg","height":640,"width":640,"date_captured":"2023-12-13T22:02:50+00:00"},{"id":67,"license":1,"file_name":"00601_png.rf.4e177d06ed1a83c4d8a038b444045412.jpg","height":640,"width":640,"date_captured":"2023-12-13T22:02:50+00:00"},{"id":68,"license":1,"file_name":"02501_png.rf.46664b134c7556ec700dd2fb29a50702.jpg","height":640,"width":640,"date_captured":"2023-12-13T22:02:50+00:00"},{"id":69,"license":1,"file_name":"109501_png.rf.468734a9de023aa111bf23546a90e59e.jpg","height":640,"width":640,"date_captured":"2023-12-13T22:02:50+00:00"},{"id":70,"license":1,"file_name":"109701_png.rf.49e0239a72a050ac94efeb747448c300.jpg","height":640,"width":640,"date_captured":"2023-12-13T22:02:50+00:00"},{"id":71,"license":1,"file_name":"110201_png.rf.4c9a39e8b5e7649fda9ba25c4e7bbfd3.jpg","height":640,"width":640,"date_captured":"2023-12-13T22:02:50+00:00"},{"id":72,"license":1,"file_name":"01801-2-_png.rf.49ae0214705d2e4fdb402160d312a4bf.jpg","height":640,"width":640,"date_captured":"2023-12-13T22:02:50+00:00"},{"id":73,"license":1,"file_name":"02601-4-_png.rf.3f8399bf8938d6d2b2a0f766a5535c80.jpg","height":640,"width":640,"date_captured":"2023-12-13T22:02:50+00:00"},{"id":74,"license":1,"file_name":"01301-5-_png.rf.37333b9105f7b1c593a1f36101a5457e.jpg","height":640,"width":640,"date_captured":"2023-12-13T22:02:50+00:00"},{"id":75,"license":1,"file_name":"02301-3-_png.rf.44525d96893b00e847e6f4f3f888c157.jpg","height":640,"width":640,"date_captured":"2023-12-13T22:02:50+00:00"},{"id":76,"license":1,"file_name":"03501-2-_png.rf.4c58921ee6633c6aa9d98347eab2440f.jpg","height":640,"width":640,"date_captured":"2023-12-13T22:02:50+00:00"},{"id":77,"license":1,"file_name":"09801_png.rf.417463892d5356df5494e28cf73fe043.jpg","height":640,"width":640,"date_captured":"2023-12-13T22:02:50+00:00"},{"id":78,"license":1,"file_name":"111501_png.rf.49fc20696415867e9cc78d7d61b6b276.jpg","height":640,"width":640,"date_captured":"2023-12-13T22:02:50+00:00"},{"id":79,"license":1,"file_name":"101401_png.rf.41e6b3e9ec9b144998ccd611b6b63fa5.jpg","height":640,"width":640,"date_captured":"2023-12-13T22:02:50+00:00"},{"id":80,"license":1,"file_name":"01301_png.rf.48ef15c8bdc5d1c75d73de8793212cec.jpg","height":640,"width":640,"date_captured":"2023-12-13T22:02:50+00:00"},{"id":81,"license":1,"file_name":"101001_png.rf.5086db593fb1a83777e6a890c7a4e588.jpg","height":640,"width":640,"date_captured":"2023-12-13T22:02:50+00:00"},{"id":82,"license":1,"file_name":"02901-5-_png.rf.561e7c3a2ff6fd0cd6410439e21a9c31.jpg","height":640,"width":640,"date_captured":"2023-12-13T22:02:50+00:00"},{"id":83,"license":1,"file_name":"00401-2-_png.rf.4c9777c73cec110ebbff951f1227b56a.jpg","height":640,"width":640,"date_captured":"2023-12-13T22:02:50+00:00"},{"id":84,"license":1,"file_name":"02701-2-_png.rf.4e8fc527ceb1e54a89b326addee1b92d.jpg","height":640,"width":640,"date_captured":"2023-12-13T22:02:50+00:00"},{"id":85,"license":1,"file_name":"110301_png.rf.50b9b7df701b1671a09fc38c188b860f.jpg","height":640,"width":640,"date_captured":"2023-12-13T22:02:50+00:00"},{"id":86,"license":1,"file_name":"08801_png.rf.51a5550662ba99318a5a2d3e966f0b81.jpg","height":640,"width":640,"date_captured":"2023-12-13T22:02:50+00:00"},{"id":87,"license":1,"file_name":"02601-4-_png.rf.56834c7a3b42abe9008f5458849ae6b5.jpg","height":640,"width":640,"date_captured":"2023-12-13T22:02:50+00:00"},{"id":88,"license":1,"file_name":"02901_png.rf.5e624b6451f06ab3e0bee7a14c67ed90.jpg","height":640,"width":640,"date_captured":"2023-12-13T22:02:50+00:00"},{"id":89,"license":1,"file_name":"01201-5-_png.rf.4d1dd28fa08b98d6dfa5daf3a20d5623.jpg","height":640,"width":640,"date_captured":"2023-12-13T22:02:50+00:00"},{"id":90,"license":1,"file_name":"02401-5-_png.rf.50f4dfc3c9a98348ce392c7a9521af67.jpg","height":640,"width":640,"date_captured":"2023-12-13T22:02:50+00:00"},{"id":91,"license":1,"file_name":"109501_png.rf.5a24c022fbcb58b37a3f37e84ecb5ecc.jpg","height":640,"width":640,"date_captured":"2023-12-13T22:02:50+00:00"},{"id":92,"license":1,"file_name":"02201_png.rf.50b78cae402e05eacfe9f037ece8aa40.jpg","height":640,"width":640,"date_captured":"2023-12-13T22:02:50+00:00"},{"id":93,"license":1,"file_name":"10301_png.rf.61c4d77c38ac2a5aae91d3ea0f0b054b.jpg","height":640,"width":640,"date_captured":"2023-12-13T22:02:50+00:00"},{"id":94,"license":1,"file_name":"01601_png.rf.611ee69b193433312e1311791f6817b4.jpg","height":640,"width":640,"date_captured":"2023-12-13T22:02:50+00:00"},{"id":95,"license":1,"file_name":"00601_png.rf.60ac845ba64f845739969c1d9a8f0cb8.jpg","height":640,"width":640,"date_captured":"2023-12-13T22:02:50+00:00"},{"id":96,"license":1,"file_name":"101201_png.rf.6656bdedad637e5138badad5f0b6b2e1.jpg","height":640,"width":640,"date_captured":"2023-12-13T22:02:50+00:00"},{"id":97,"license":1,"file_name":"01701-3-_png.rf.66523b1f5037400a1a9a84aa9a7ad54b.jpg","height":640,"width":640,"date_captured":"2023-12-13T22:02:50+00:00"},{"id":98,"license":1,"file_name":"00401-4-_png.rf.664b2d87ef5aa057675e72e48ec122ab.jpg","height":640,"width":640,"date_captured":"2023-12-13T22:02:50+00:00"},{"id":99,"license":1,"file_name":"101001_png.rf.639a79358e08e1a9e323903261fa2e26.jpg","height":640,"width":640,"date_captured":"2023-12-13T22:02:50+00:00"},{"id":100,"license":1,"file_name":"03101-4-_png.rf.6bf1eccf4a0cf49689580faaaf455d12.jpg","height":640,"width":640,"date_captured":"2023-12-13T22:02:50+00:00"},{"id":101,"license":1,"file_name":"04001_png.rf.6c4fecaff3544cfd17b5a884fa70f6c5.jpg","height":640,"width":640,"date_captured":"2023-12-13T22:02:50+00:00"},{"id":102,"license":1,"file_name":"03401-2-_png.rf.71c8d006a27b447dfe1bfb374533a444.jpg","height":640,"width":640,"date_captured":"2023-12-13T22:02:50+00:00"},{"id":103,"license":1,"file_name":"02701_png.rf.6c2027f399dd66dd1f4349b6d599f1b3.jpg","height":640,"width":640,"date_captured":"2023-12-13T22:02:50+00:00"},{"id":104,"license":1,"file_name":"09901_png.rf.6438c96fb131b243833653b9b651c457.jpg","height":640,"width":640,"date_captured":"2023-12-13T22:02:50+00:00"},{"id":105,"license":1,"file_name":"01801-5-_png.rf.7536db5614381e19568829de4cfe33f4.jpg","height":640,"width":640,"date_captured":"2023-12-13T22:02:50+00:00"},{"id":106,"license":1,"file_name":"01101-5-_png.rf.6b0b2ad2504af7ab9d2a19f11ae4a7d2.jpg","height":640,"width":640,"date_captured":"2023-12-13T22:02:50+00:00"},{"id":107,"license":1,"file_name":"00701_png.rf.7e17d838278fea046d15daeb9ef9acaa.jpg","height":640,"width":640,"date_captured":"2023-12-13T22:02:50+00:00"},{"id":108,"license":1,"file_name":"02401-4-_png.rf.7d4fa7c2de57ccee92007a4e25bc1077.jpg","height":640,"width":640,"date_captured":"2023-12-13T22:02:50+00:00"},{"id":109,"license":1,"file_name":"00801_png.rf.768311bf0f3b5c14f0b70479a3b8bef1.jpg","height":640,"width":640,"date_captured":"2023-12-13T22:02:50+00:00"},{"id":110,"license":1,"file_name":"00301_png.rf.7d5be21bba6a7e26148be3b11d49f623.jpg","height":640,"width":640,"date_captured":"2023-12-13T22:02:50+00:00"},{"id":111,"license":1,"file_name":"01301-4-_png.rf.7b120cc46fac3cb93a33e4d3723a955b.jpg","height":640,"width":640,"date_captured":"2023-12-13T22:02:50+00:00"},{"id":112,"license":1,"file_name":"01701-3-_png.rf.8414b55e744ad9267497bac94564e5e0.jpg","height":640,"width":640,"date_captured":"2023-12-13T22:02:50+00:00"},{"id":113,"license":1,"file_name":"04101_png.rf.7ed032d444cd777b2b0eecda160f77a8.jpg","height":640,"width":640,"date_captured":"2023-12-13T22:02:50+00:00"},{"id":114,"license":1,"file_name":"02401-4-_png.rf.85430d83cfe763d94d229ff9f6e27bd6.jpg","height":640,"width":640,"date_captured":"2023-12-13T22:02:50+00:00"},{"id":115,"license":1,"file_name":"01001-2-_png.rf.837855ba81928ed167fe86e5597235bb.jpg","height":640,"width":640,"date_captured":"2023-12-13T22:02:50+00:00"},{"id":116,"license":1,"file_name":"100201_png.rf.879f0c0c06255fb4073c9416aa13eb9e.jpg","height":640,"width":640,"date_captured":"2023-12-13T22:02:50+00:00"},{"id":117,"license":1,"file_name":"02001_png.rf.71b4e1012ba78659893bebb4d553dc1f.jpg","height":640,"width":640,"date_captured":"2023-12-13T22:02:50+00:00"},{"id":118,"license":1,"file_name":"01801-3-_png.rf.87dec8278d4ee3ab3df8f2e93820121c.jpg","height":640,"width":640,"date_captured":"2023-12-13T22:02:50+00:00"},{"id":119,"license":1,"file_name":"02801_png.rf.869c1368df9b78222849df7a5dce867b.jpg","height":640,"width":640,"date_captured":"2023-12-13T22:02:50+00:00"},{"id":120,"license":1,"file_name":"109301_png.rf.640a842b3e7c37e18a5e184a97352d3b.jpg","height":640,"width":640,"date_captured":"2023-12-13T22:02:50+00:00"},{"id":121,"license":1,"file_name":"00401-2-_png.rf.744925b4852b6f2403c9b2f05639ec22.jpg","height":640,"width":640,"date_captured":"2023-12-13T22:02:50+00:00"},{"id":122,"license":1,"file_name":"02201_png.rf.84f47b7181efd5f6d1ec128810a19ccf.jpg","height":640,"width":640,"date_captured":"2023-12-13T22:02:50+00:00"},{"id":123,"license":1,"file_name":"01301_png.rf.8fa7321533df37bd8948a60cb7ff19ea.jpg","height":640,"width":640,"date_captured":"2023-12-13T22:02:50+00:00"},{"id":124,"license":1,"file_name":"01201-2-_png.rf.8f4bc39215d60077874fbeac083e4126.jpg","height":640,"width":640,"date_captured":"2023-12-13T22:02:50+00:00"},{"id":125,"license":1,"file_name":"01201-3-_png.rf.8a87a0d94e0b42b7926170af9d7a564b.jpg","height":640,"width":640,"date_captured":"2023-12-13T22:02:50+00:00"},{"id":126,"license":1,"file_name":"02001-4-_png.rf.9222a05dabe3faa9f1a743b7e761c0ce.jpg","height":640,"width":640,"date_captured":"2023-12-13T22:02:50+00:00"},{"id":127,"license":1,"file_name":"101001_png.rf.90810d80526b826befac9fd13e9c854c.jpg","height":640,"width":640,"date_captured":"2023-12-13T22:02:50+00:00"},{"id":128,"license":1,"file_name":"109301_png.rf.9533aff62d40b5beca0a962d1f1cc345.jpg","height":640,"width":640,"date_captured":"2023-12-13T22:02:50+00:00"},{"id":129,"license":1,"file_name":"10301_png.rf.891258f66d56e1a5115b29a08fdc50c9.jpg","height":640,"width":640,"date_captured":"2023-12-13T22:02:50+00:00"},{"id":130,"license":1,"file_name":"01501-5-_png.rf.8ea4a88d9254b254b8c0af89f5e7db47.jpg","height":640,"width":640,"date_captured":"2023-12-13T22:02:50+00:00"},{"id":131,"license":1,"file_name":"02801-4-_png.rf.88e1594bede4cbb90137f903ea874faf.jpg","height":640,"width":640,"date_captured":"2023-12-13T22:02:50+00:00"},{"id":132,"license":1,"file_name":"01901-4-_png.rf.9af7e2843020f0ca50cb217d84861164.jpg","height":640,"width":640,"date_captured":"2023-12-13T22:02:50+00:00"},{"id":133,"license":1,"file_name":"01001-4-_png.rf.9c01b5c575e78dc6a484f7509ec3083f.jpg","height":640,"width":640,"date_captured":"2023-12-13T22:02:50+00:00"},{"id":134,"license":1,"file_name":"03401-2-_png.rf.961479efcd6d4b819e1fa100611bdc37.jpg","height":640,"width":640,"date_captured":"2023-12-13T22:02:50+00:00"},{"id":135,"license":1,"file_name":"02701_png.rf.9bcd41da86297aa41cbbb3a2c2445408.jpg","height":640,"width":640,"date_captured":"2023-12-13T22:02:50+00:00"},{"id":136,"license":1,"file_name":"02201-2-_png.rf.9c4d032da86bdec73dc651aadf4306a5.jpg","height":640,"width":640,"date_captured":"2023-12-13T22:02:50+00:00"},{"id":137,"license":1,"file_name":"02401-5-_png.rf.923f0cf7e32cabe0745b6ad22bed7f89.jpg","height":640,"width":640,"date_captured":"2023-12-13T22:02:50+00:00"},{"id":138,"license":1,"file_name":"01801-4-_png.rf.9d1e60d8af80a151bb70a75710bdc083.jpg","height":640,"width":640,"date_captured":"2023-12-13T22:02:50+00:00"},{"id":139,"license":1,"file_name":"02501-3-_png.rf.992727b4a7224e1e43f63311c91a5be1.jpg","height":640,"width":640,"date_captured":"2023-12-13T22:02:50+00:00"},{"id":140,"license":1,"file_name":"00601-4-_png.rf.9db1d00c1bab7b0c293313cf7cbd4eda.jpg","height":640,"width":640,"date_captured":"2023-12-13T22:02:50+00:00"},{"id":141,"license":1,"file_name":"100601_png.rf.9f22aec1cc7726706ab299a03724d96e.jpg","height":640,"width":640,"date_captured":"2023-12-13T22:02:50+00:00"},{"id":142,"license":1,"file_name":"01101-5-_png.rf.9d7d5110b421c421700f0f0cff5f58e0.jpg","height":640,"width":640,"date_captured":"2023-12-13T22:02:50+00:00"},{"id":143,"license":1,"file_name":"02501-4-_png.rf.8b60c5065c2555bbd1de232636d77f35.jpg","height":640,"width":640,"date_captured":"2023-12-13T22:02:50+00:00"},{"id":144,"license":1,"file_name":"00601_png.rf.a18b9691df0de923915a6ee9dfe43d08.jpg","height":640,"width":640,"date_captured":"2023-12-13T22:02:50+00:00"},{"id":145,"license":1,"file_name":"01901-5-_png.rf.9fb1c970ae8137c6b2ebcfe88782dbe1.jpg","height":640,"width":640,"date_captured":"2023-12-13T22:02:50+00:00"},{"id":146,"license":1,"file_name":"09801_png.rf.a06be70e5a3ccd0af5bfcbaf5fe7173d.jpg","height":640,"width":640,"date_captured":"2023-12-13T22:02:50+00:00"},{"id":147,"license":1,"file_name":"09901_png.rf.9e442c4e12659480df648b26ae345b4d.jpg","height":640,"width":640,"date_captured":"2023-12-13T22:02:50+00:00"},{"id":148,"license":1,"file_name":"02701-2-_png.rf.a54234e4dca410208ccf658b1ec40d16.jpg","height":640,"width":640,"date_captured":"2023-12-13T22:02:50+00:00"},{"id":149,"license":1,"file_name":"03001_png.rf.a6e41efbae2b8537fd803bb75d92299d.jpg","height":640,"width":640,"date_captured":"2023-12-13T22:02:50+00:00"},{"id":150,"license":1,"file_name":"02901-2-_png.rf.9f5565284443c2a4aeacddedea60f6bb.jpg","height":640,"width":640,"date_captured":"2023-12-13T22:02:50+00:00"},{"id":151,"license":1,"file_name":"02701-4-_png.rf.a420ae84a19e94c88a7e317cd768632f.jpg","height":640,"width":640,"date_captured":"2023-12-13T22:02:50+00:00"},{"id":152,"license":1,"file_name":"03101-4-_png.rf.aaa25abab150d91ae9b5a41a47275c5c.jpg","height":640,"width":640,"date_captured":"2023-12-13T22:02:50+00:00"},{"id":153,"license":1,"file_name":"110301_png.rf.a2a160e4beda88a7b8ce1fbb5ad17ce5.jpg","height":640,"width":640,"date_captured":"2023-12-13T22:02:50+00:00"},{"id":154,"license":1,"file_name":"101301_png.rf.ac7c74f477e47ee9944482d33d785b94.jpg","height":640,"width":640,"date_captured":"2023-12-13T22:02:50+00:00"},{"id":155,"license":1,"file_name":"03401-2-_png.rf.a99bbfdd3d4d2d53c726fc03ff002160.jpg","height":640,"width":640,"date_captured":"2023-12-13T22:02:50+00:00"},{"id":156,"license":1,"file_name":"03001-4-_png.rf.ac837684601e86ff32a38c910193be45.jpg","height":640,"width":640,"date_captured":"2023-12-13T22:02:50+00:00"},{"id":157,"license":1,"file_name":"02201-3-_png.rf.a961fecd52c64f389fbbfe3ab2e58232.jpg","height":640,"width":640,"date_captured":"2023-12-13T22:02:50+00:00"},{"id":158,"license":1,"file_name":"00701_png.rf.a79b1a5fdf279da32be88002c039aefb.jpg","height":640,"width":640,"date_captured":"2023-12-13T22:02:50+00:00"},{"id":159,"license":1,"file_name":"01801-4-_png.rf.af0529a8839f39b0682d0783607ed13c.jpg","height":640,"width":640,"date_captured":"2023-12-13T22:02:50+00:00"},{"id":160,"license":1,"file_name":"01901-5-_png.rf.ad395e2aa10b3fc6211fe0391008cb61.jpg","height":640,"width":640,"date_captured":"2023-12-13T22:02:50+00:00"},{"id":161,"license":1,"file_name":"01201-2-_png.rf.a9a63447b0fef493e3501e382357d585.jpg","height":640,"width":640,"date_captured":"2023-12-13T22:02:50+00:00"},{"id":162,"license":1,"file_name":"02901-5-_png.rf.a6a62fdadae14dbd88b0b07add49f100.jpg","height":640,"width":640,"date_captured":"2023-12-13T22:02:50+00:00"},{"id":163,"license":1,"file_name":"03301-2-_png.rf.b21ff493021a5bb6a4b0caa37a0bcac2.jpg","height":640,"width":640,"date_captured":"2023-12-13T22:02:50+00:00"},{"id":164,"license":1,"file_name":"110201_png.rf.aaa39dc76b7537b246dd4184219ace17.jpg","height":640,"width":640,"date_captured":"2023-12-13T22:02:50+00:00"},{"id":165,"license":1,"file_name":"00801-3-_png.rf.ac9a777ac79068abd4306abbd5e836c8.jpg","height":640,"width":640,"date_captured":"2023-12-13T22:02:50+00:00"},{"id":166,"license":1,"file_name":"01401-3-_png.rf.afa01a9266640ad4650f2c9b3873d055.jpg","height":640,"width":640,"date_captured":"2023-12-13T22:02:50+00:00"},{"id":167,"license":1,"file_name":"101401_png.rf.b906934cdfab4e1a06934a8f4e027d3b.jpg","height":640,"width":640,"date_captured":"2023-12-13T22:02:50+00:00"},{"id":168,"license":1,"file_name":"111501_png.rf.aa22f4400dcda2d9e18355dc39503c58.jpg","height":640,"width":640,"date_captured":"2023-12-13T22:02:50+00:00"},{"id":169,"license":1,"file_name":"100201-2-_png.rf.b4867935caf524b56edc99d6353149cb.jpg","height":640,"width":640,"date_captured":"2023-12-13T22:02:50+00:00"},{"id":170,"license":1,"file_name":"109101_png.rf.aee33bf5ecab80a345445a98f5d5c4be.jpg","height":640,"width":640,"date_captured":"2023-12-13T22:02:50+00:00"},{"id":171,"license":1,"file_name":"03201-2-_png.rf.bbef7daafb9180801e611b34c6f7fd98.jpg","height":640,"width":640,"date_captured":"2023-12-13T22:02:50+00:00"},{"id":172,"license":1,"file_name":"01301_png.rf.b71e669f1f6ee7b89a0f9ddd1524f9ce.jpg","height":640,"width":640,"date_captured":"2023-12-13T22:02:50+00:00"},{"id":173,"license":1,"file_name":"02901-2-_png.rf.bad77c30450d1d2a50709c4c10f7496b.jpg","height":640,"width":640,"date_captured":"2023-12-13T22:02:50+00:00"},{"id":174,"license":1,"file_name":"109501_png.rf.bdbb7941cd74f4b81ea51fbfa90aa931.jpg","height":640,"width":640,"date_captured":"2023-12-13T22:02:50+00:00"},{"id":175,"license":1,"file_name":"01601-2-_png.rf.b0ac021e8dfaa930bb6e3fdde58cdf28.jpg","height":640,"width":640,"date_captured":"2023-12-13T22:02:50+00:00"},{"id":176,"license":1,"file_name":"01801-2-_png.rf.c3a2322513d47f42e2dfe7eef1ed5f47.jpg","height":640,"width":640,"date_captured":"2023-12-13T22:02:50+00:00"},{"id":177,"license":1,"file_name":"03001-4-_png.rf.b386ae377af53d1c152fdcf8fde7be1e.jpg","height":640,"width":640,"date_captured":"2023-12-13T22:02:50+00:00"},{"id":178,"license":1,"file_name":"01501-2-_png.rf.bfe178580e64d19c0a2bf033776d2f1b.jpg","height":640,"width":640,"date_captured":"2023-12-13T22:02:50+00:00"},{"id":179,"license":1,"file_name":"00701_png.rf.c04192caf0b524d729b5f3e8eaca1c28.jpg","height":640,"width":640,"date_captured":"2023-12-13T22:02:50+00:00"},{"id":180,"license":1,"file_name":"02401-2-_png.rf.c151e0ce9bbeda1e79541a8876bd6a8e.jpg","height":640,"width":640,"date_captured":"2023-12-13T22:02:50+00:00"},{"id":181,"license":1,"file_name":"02201-3-_png.rf.c69c8325ffb9c939564460406c789564.jpg","height":640,"width":640,"date_captured":"2023-12-13T22:02:50+00:00"},{"id":182,"license":1,"file_name":"00501-4-_png.rf.cb731ca4ef43d3b9b8216174afe42aa2.jpg","height":640,"width":640,"date_captured":"2023-12-13T22:02:50+00:00"},{"id":183,"license":1,"file_name":"00701-2-_png.rf.cb20a7c7cb9a87f1aafddd9336baff91.jpg","height":640,"width":640,"date_captured":"2023-12-13T22:02:50+00:00"},{"id":184,"license":1,"file_name":"100201-2-_png.rf.c7e01987d8e0acd668d3aefdd3516576.jpg","height":640,"width":640,"date_captured":"2023-12-13T22:02:50+00:00"},{"id":185,"license":1,"file_name":"01601_png.rf.c55043a20a75f87c07ab637f827b519e.jpg","height":640,"width":640,"date_captured":"2023-12-13T22:02:50+00:00"},{"id":186,"license":1,"file_name":"02001-2-_png.rf.c740c5f52150834a082b46009ee2305f.jpg","height":640,"width":640,"date_captured":"2023-12-13T22:02:50+00:00"},{"id":187,"license":1,"file_name":"02501-2-_png.rf.c617db1380569c64ed69ba81392ea9ba.jpg","height":640,"width":640,"date_captured":"2023-12-13T22:02:50+00:00"},{"id":188,"license":1,"file_name":"01101-2-_png.rf.cc30334f72b76af1f32dff9ead9fe53d.jpg","height":640,"width":640,"date_captured":"2023-12-13T22:02:50+00:00"},{"id":189,"license":1,"file_name":"03801_png.rf.d068c9d62f930e64817b24f092fcf0ce.jpg","height":640,"width":640,"date_captured":"2023-12-13T22:02:50+00:00"},{"id":190,"license":1,"file_name":"02301_png.rf.cf8c7dea101731a1eab16a79e2315d80.jpg","height":640,"width":640,"date_captured":"2023-12-13T22:02:50+00:00"},{"id":191,"license":1,"file_name":"04101_png.rf.d683919d4a5a7655494bdaa317ab09f6.jpg","height":640,"width":640,"date_captured":"2023-12-13T22:02:50+00:00"},{"id":192,"license":1,"file_name":"01201_png.rf.c83f658a0b308e4b5da369ff0b7d86e5.jpg","height":640,"width":640,"date_captured":"2023-12-13T22:02:50+00:00"},{"id":193,"license":1,"file_name":"00901-4-_png.rf.d99c07413cdbe897d858b5a165a9e721.jpg","height":640,"width":640,"date_captured":"2023-12-13T22:02:50+00:00"},{"id":194,"license":1,"file_name":"00701-2-_png.rf.d211a3ad1800e31def2f6166697803d6.jpg","height":640,"width":640,"date_captured":"2023-12-13T22:02:50+00:00"},{"id":195,"license":1,"file_name":"02401-2-_png.rf.ce283648e9c46c56f1e7d6be312c0368.jpg","height":640,"width":640,"date_captured":"2023-12-13T22:02:50+00:00"},{"id":196,"license":1,"file_name":"02801-4-_png.rf.dab8ac0ac1072717bea4dcd1a553dcb5.jpg","height":640,"width":640,"date_captured":"2023-12-13T22:02:50+00:00"},{"id":197,"license":1,"file_name":"01001-4-_png.rf.cd342db90181f66578d4ef8914d76b75.jpg","height":640,"width":640,"date_captured":"2023-12-13T22:02:50+00:00"},{"id":198,"license":1,"file_name":"03301-2-_png.rf.dc6dc1a4f09baf7a0540f910cbe5b8bc.jpg","height":640,"width":640,"date_captured":"2023-12-13T22:02:50+00:00"},{"id":199,"license":1,"file_name":"03001-2-_png.rf.db9e6a95081d5a60e11756d401f9b77f.jpg","height":640,"width":640,"date_captured":"2023-12-13T22:02:50+00:00"},{"id":200,"license":1,"file_name":"100201_png.rf.d05f0fd4e18b2c4d944fbfe86da5ea6a.jpg","height":640,"width":640,"date_captured":"2023-12-13T22:02:50+00:00"},{"id":201,"license":1,"file_name":"02701-5-_png.rf.ced091ba9ef6b378059b8028632e9f0c.jpg","height":640,"width":640,"date_captured":"2023-12-13T22:02:50+00:00"},{"id":202,"license":1,"file_name":"03601_png.rf.e71013440ebf458777bc0eb28653a8d3.jpg","height":640,"width":640,"date_captured":"2023-12-13T22:02:50+00:00"},{"id":203,"license":1,"file_name":"02101-3-_png.rf.e3021dcebaa42e380991c246ca705feb.jpg","height":640,"width":640,"date_captured":"2023-12-13T22:02:50+00:00"},{"id":204,"license":1,"file_name":"01301-2-_png.rf.d0a9b726b81e4a44a7b60efc64b3b834.jpg","height":640,"width":640,"date_captured":"2023-12-13T22:02:50+00:00"},{"id":205,"license":1,"file_name":"09701_png.rf.d39930bcb30bfd218baf6828b3ac9b2e.jpg","height":640,"width":640,"date_captured":"2023-12-13T22:02:50+00:00"},{"id":206,"license":1,"file_name":"09701_png.rf.e6dc056dc0351c712ddb1f043927aca1.jpg","height":640,"width":640,"date_captured":"2023-12-13T22:02:50+00:00"},{"id":207,"license":1,"file_name":"03001-2-_png.rf.e54f0cbc4d1769df7a912b94d5e11cde.jpg","height":640,"width":640,"date_captured":"2023-12-13T22:02:50+00:00"},{"id":208,"license":1,"file_name":"00901-4-_png.rf.e73d374d50eb55df561162ef2aef6525.jpg","height":640,"width":640,"date_captured":"2023-12-13T22:02:50+00:00"},{"id":209,"license":1,"file_name":"02701-5-_png.rf.e9af258532c086e97d4c97a55974fa3b.jpg","height":640,"width":640,"date_captured":"2023-12-13T22:02:50+00:00"},{"id":210,"license":1,"file_name":"02201-2-_png.rf.de0c64cb688111661874fc006b8b72ea.jpg","height":640,"width":640,"date_captured":"2023-12-13T22:02:50+00:00"},{"id":211,"license":1,"file_name":"02101_png.rf.dd5820b78e4c60d8060e9a4980d5a452.jpg","height":640,"width":640,"date_captured":"2023-12-13T22:02:50+00:00"},{"id":212,"license":1,"file_name":"109001_png.rf.d5217fac9526cae1890a6c8f7c542d77.jpg","height":640,"width":640,"date_captured":"2023-12-13T22:02:50+00:00"},{"id":213,"license":1,"file_name":"01601-2-_png.rf.ef27bbdf150a51a97a235fe50afd6f2a.jpg","height":640,"width":640,"date_captured":"2023-12-13T22:02:50+00:00"},{"id":214,"license":1,"file_name":"01801-3-_png.rf.eb8d6b5c1bca597f43246b917c1ef2df.jpg","height":640,"width":640,"date_captured":"2023-12-13T22:02:50+00:00"},{"id":215,"license":1,"file_name":"101401_png.rf.eeedfa9d592bc4caf1d09d458c8237ee.jpg","height":640,"width":640,"date_captured":"2023-12-13T22:02:50+00:00"},{"id":216,"license":1,"file_name":"01901-4-_png.rf.ec480c364a0219263b89bcabe25382a6.jpg","height":640,"width":640,"date_captured":"2023-12-13T22:02:50+00:00"},{"id":217,"license":1,"file_name":"109601_png.rf.ea26f8f2b9618a1a8058e84248f9b12d.jpg","height":640,"width":640,"date_captured":"2023-12-13T22:02:50+00:00"},{"id":218,"license":1,"file_name":"01801-3-_png.rf.ef014e2cc55558b7147f569c40b7332c.jpg","height":640,"width":640,"date_captured":"2023-12-13T22:02:50+00:00"},{"id":219,"license":1,"file_name":"02301_png.rf.ebb097e8ad1c8a4b7621886a606f177d.jpg","height":640,"width":640,"date_captured":"2023-12-13T22:02:50+00:00"},{"id":220,"license":1,"file_name":"109001_png.rf.ead720b3f30e68b59080db9857cd456e.jpg","height":640,"width":640,"date_captured":"2023-12-13T22:02:50+00:00"},{"id":221,"license":1,"file_name":"03101-2-_png.rf.f05da42ba5ffd86e0c007bc1218e694a.jpg","height":640,"width":640,"date_captured":"2023-12-13T22:02:50+00:00"},{"id":222,"license":1,"file_name":"00401-4-_png.rf.f13d6297c1ab5a6e354f54300986a19b.jpg","height":640,"width":640,"date_captured":"2023-12-13T22:02:50+00:00"},{"id":223,"license":1,"file_name":"01201_png.rf.ef6052a3a37a64892e968db0508fdd92.jpg","height":640,"width":640,"date_captured":"2023-12-13T22:02:50+00:00"},{"id":224,"license":1,"file_name":"01201_png.rf.f1575b25b0fd34a0d24337c48f1c7283.jpg","height":640,"width":640,"date_captured":"2023-12-13T22:02:50+00:00"},{"id":225,"license":1,"file_name":"09901_png.rf.f2eb1d32c48b24d2af1e8dea70a8798f.jpg","height":640,"width":640,"date_captured":"2023-12-13T22:02:50+00:00"},{"id":226,"license":1,"file_name":"02301-3-_png.rf.f23c06c4bb07aac4c1d082fd54648de2.jpg","height":640,"width":640,"date_captured":"2023-12-13T22:02:50+00:00"},{"id":227,"license":1,"file_name":"02401-4-_png.rf.f4ee009bbf5dc90e77f279a45c303f26.jpg","height":640,"width":640,"date_captured":"2023-12-13T22:02:50+00:00"},{"id":228,"license":1,"file_name":"01101-2-_png.rf.ef595b714192dd89b55a2ec46b08fd61.jpg","height":640,"width":640,"date_captured":"2023-12-13T22:02:50+00:00"},{"id":229,"license":1,"file_name":"01001-2-_png.rf.f1df3b1b185e0557163778f331ac0f31.jpg","height":640,"width":640,"date_captured":"2023-12-13T22:02:50+00:00"},{"id":230,"license":1,"file_name":"101201_png.rf.f29cd898886820e977ca7155c780f327.jpg","height":640,"width":640,"date_captured":"2023-12-13T22:02:50+00:00"},{"id":231,"license":1,"file_name":"03001_png.rf.fbd6cdbbee0ca8955ca72aaa736c36c6.jpg","height":640,"width":640,"date_captured":"2023-12-13T22:02:50+00:00"},{"id":232,"license":1,"file_name":"03201-2-_png.rf.f60c166c0e26836a32af48840d03b04b.jpg","height":640,"width":640,"date_captured":"2023-12-13T22:02:50+00:00"},{"id":233,"license":1,"file_name":"08801_png.rf.f93ea9db8ffc9ad24d28564925e89f8b.jpg","height":640,"width":640,"date_captured":"2023-12-13T22:02:50+00:00"},{"id":234,"license":1,"file_name":"03801_png.rf.fc9a173fa28a013a196156bc8309d54b.jpg","height":640,"width":640,"date_captured":"2023-12-13T22:02:50+00:00"},{"id":235,"license":1,"file_name":"01101-2-_png.rf.f95ce41200121c41f3d39e52185a29c8.jpg","height":640,"width":640,"date_captured":"2023-12-13T22:02:50+00:00"},{"id":236,"license":1,"file_name":"03201-2-_png.rf.ff51e44755ac82e8a3c5d27b49842344.jpg","height":640,"width":640,"date_captured":"2023-12-13T22:02:50+00:00"},{"id":237,"license":1,"file_name":"00601-2-_png.rf.f780d77b30e8e8386b956a6230b885b8.jpg","height":640,"width":640,"date_captured":"2023-12-13T22:02:50+00:00"},{"id":238,"license":1,"file_name":"04001_png.rf.fc4140f00971ce2098b08f1865d2489e.jpg","height":640,"width":640,"date_captured":"2023-12-13T22:02:50+00:00"},{"id":239,"license":1,"file_name":"00101-2-_png.rf.fdb9092972db7b5506c7769df25403b2.jpg","height":640,"width":640,"date_captured":"2023-12-13T22:02:50+00:00"},{"id":240,"license":1,"file_name":"03601_png.rf.fe1d0e15b37b10f3b881b961369061aa.jpg","height":640,"width":640,"date_captured":"2023-12-13T22:02:50+00:00"}],"annotations":[{"id":0,"image_id":0,"category_id":2,"bbox":[336,99,8,541],"area":4328,"segmentation":[],"iscrowd":0},{"id":1,"image_id":0,"category_id":1,"bbox":[0,4,130,259],"area":33670,"segmentation":[],"iscrowd":0},{"id":2,"image_id":1,"category_id":1,"bbox":[259,146,97.5,329],"area":32077.5,"segmentation":[],"iscrowd":0},{"id":3,"image_id":1,"category_id":2,"bbox":[363,73,12,493],"area":5916,"segmentation":[],"iscrowd":0},{"id":4,"image_id":2,"category_id":2,"bbox":[360,19,24,593.5],"area":14244,"segmentation":[],"iscrowd":0},{"id":5,"image_id":2,"category_id":1,"bbox":[169,27,182,366.5],"area":66703,"segmentation":[],"iscrowd":0},{"id":6,"image_id":3,"category_id":2,"bbox":[367,8,28,457.5],"area":12810,"segmentation":[],"iscrowd":0},{"id":7,"image_id":3,"category_id":1,"bbox":[297,284,66.5,122],"area":8113,"segmentation":[],"iscrowd":0},{"id":8,"image_id":4,"category_id":2,"bbox":[304,165,29,447.5],"area":12977.5,"segmentation":[],"iscrowd":0},{"id":9,"image_id":4,"category_id":1,"bbox":[333,211,78,107.5],"area":8385,"segmentation":[],"iscrowd":0},{"id":10,"image_id":5,"category_id":1,"bbox":[311,119,73.5,360.5],"area":26496.75,"segmentation":[],"iscrowd":0},{"id":11,"image_id":6,"category_id":1,"bbox":[515,329,106,126],"area":13356,"segmentation":[],"iscrowd":0},{"id":12,"image_id":6,"category_id":1,"bbox":[286,314,99,204.5],"area":20245.5,"segmentation":[],"iscrowd":0},{"id":13,"image_id":6,"category_id":2,"bbox":[316,13,16,626.5],"area":10024,"segmentation":[],"iscrowd":0},{"id":14,"image_id":7,"category_id":1,"bbox":[515,185,106,126],"area":13356,"segmentation":[],"iscrowd":0},{"id":15,"image_id":7,"category_id":1,"bbox":[286,121,99,204.5],"area":20245.5,"segmentation":[],"iscrowd":0},{"id":16,"image_id":7,"category_id":2,"bbox":[316,0,16,626.5],"area":10024,"segmentation":[],"iscrowd":0},{"id":17,"image_id":8,"category_id":1,"bbox":[301,3,60.5,313.5],"area":18966.75,"segmentation":[],"iscrowd":0},{"id":18,"image_id":8,"category_id":2,"bbox":[284,5,11.5,610],"area":7015,"segmentation":[],"iscrowd":0},{"id":19,"image_id":9,"category_id":2,"bbox":[320,2,7.5,594],"area":4455,"segmentation":[],"iscrowd":0},{"id":20,"image_id":9,"category_id":1,"bbox":[314,86,86.5,388.5],"area":33605.25,"segmentation":[],"iscrowd":0},{"id":21,"image_id":10,"category_id":2,"bbox":[301,0,24,629],"area":15096,"segmentation":[],"iscrowd":0},{"id":22,"image_id":10,"category_id":1,"bbox":[326,223,109,150.5],"area":16404.5,"segmentation":[],"iscrowd":0},{"id":23,"image_id":11,"category_id":2,"bbox":[280,33,10,554],"area":5540,"segmentation":[],"iscrowd":0},{"id":24,"image_id":11,"category_id":1,"bbox":[290,182,132,197],"area":26004,"segmentation":[],"iscrowd":0},{"id":25,"image_id":12,"category_id":2,"bbox":[269,13,19,562.5],"area":10687.5,"segmentation":[],"iscrowd":0},{"id":26,"image_id":12,"category_id":1,"bbox":[245,3,115,343.5],"area":39502.5,"segmentation":[],"iscrowd":0},{"id":27,"image_id":13,"category_id":2,"bbox":[319,16,24,610],"area":14640,"segmentation":[],"iscrowd":0},{"id":28,"image_id":13,"category_id":2,"bbox":[121,240,250.5,334],"area":83667,"segmentation":[],"iscrowd":0},{"id":29,"image_id":14,"category_id":2,"bbox":[405,14,17.5,582],"area":10185,"segmentation":[],"iscrowd":0},{"id":30,"image_id":14,"category_id":1,"bbox":[257,201,140.5,285.5],"area":40112.75,"segmentation":[],"iscrowd":0},{"id":31,"image_id":15,"category_id":1,"bbox":[167,163,116.5,334],"area":38911,"segmentation":[],"iscrowd":0},{"id":32,"image_id":15,"category_id":2,"bbox":[298,91,10.5,498.5],"area":5234.25,"segmentation":[],"iscrowd":0},{"id":33,"image_id":16,"category_id":2,"bbox":[318,114,17,315],"area":5355,"segmentation":[],"iscrowd":0},{"id":34,"image_id":16,"category_id":1,"bbox":[265,337,73,183.5],"area":13395.5,"segmentation":[],"iscrowd":0},{"id":35,"image_id":17,"category_id":2,"bbox":[53,39,131.5,311],"area":40896.5,"segmentation":[],"iscrowd":0},{"id":36,"image_id":17,"category_id":2,"bbox":[316,19,19.5,587.5],"area":11456.25,"segmentation":[],"iscrowd":0},{"id":37,"image_id":17,"category_id":1,"bbox":[246,144,89,290],"area":25810,"segmentation":[],"iscrowd":0},{"id":38,"image_id":18,"category_id":1,"bbox":[350,40,92,351.5],"area":32338,"segmentation":[],"iscrowd":0},{"id":39,"image_id":18,"category_id":2,"bbox":[326,18,21.5,604.5],"area":12996.75,"segmentation":[],"iscrowd":0},{"id":40,"image_id":19,"category_id":1,"bbox":[270,82,90,291],"area":26190,"segmentation":[],"iscrowd":0},{"id":41,"image_id":20,"category_id":1,"bbox":[304,262,93.5,181],"area":16923.5,"segmentation":[],"iscrowd":0},{"id":42,"image_id":20,"category_id":2,"bbox":[285,23,21,489],"area":10269,"segmentation":[],"iscrowd":0},{"id":43,"image_id":21,"category_id":2,"bbox":[272,12,7,395.5],"area":2768.5,"segmentation":[],"iscrowd":0},{"id":44,"image_id":21,"category_id":1,"bbox":[293,307,63,65.5],"area":4126.5,"segmentation":[],"iscrowd":0},{"id":45,"image_id":22,"category_id":1,"bbox":[20,329,106,126],"area":13356,"segmentation":[],"iscrowd":0},{"id":46,"image_id":22,"category_id":1,"bbox":[255,314,99,204.5],"area":20245.5,"segmentation":[],"iscrowd":0},{"id":47,"image_id":22,"category_id":2,"bbox":[308,13,16,626.5],"area":10024,"segmentation":[],"iscrowd":0},{"id":48,"image_id":23,"category_id":2,"bbox":[343,38,14.5,586],"area":8497,"segmentation":[],"iscrowd":0},{"id":49,"image_id":23,"category_id":1,"bbox":[358,234,58.5,294.5],"area":17228.25,"segmentation":[],"iscrowd":0},{"id":50,"image_id":24,"category_id":1,"bbox":[199,40,92,351.5],"area":32338,"segmentation":[],"iscrowd":0},{"id":51,"image_id":24,"category_id":2,"bbox":[292,18,21.5,604.5],"area":12996.75,"segmentation":[],"iscrowd":0},{"id":52,"image_id":25,"category_id":1,"bbox":[276,56,151.5,294],"area":44541,"segmentation":[],"iscrowd":0},{"id":53,"image_id":25,"category_id":2,"bbox":[350,2,14,638],"area":8932,"segmentation":[],"iscrowd":0},{"id":54,"image_id":26,"category_id":2,"bbox":[297,0,8,541],"area":4328,"segmentation":[],"iscrowd":0},{"id":55,"image_id":26,"category_id":1,"bbox":[510,378,130,259],"area":33670,"segmentation":[],"iscrowd":0},{"id":56,"image_id":27,"category_id":2,"bbox":[246,188,18.5,450],"area":8325,"segmentation":[],"iscrowd":0},{"id":57,"image_id":27,"category_id":1,"bbox":[220,395,124.5,242],"area":30129,"segmentation":[],"iscrowd":0},{"id":58,"image_id":27,"category_id":2,"bbox":[425,158,195.5,104.5],"area":20429.75,"segmentation":[],"iscrowd":0},{"id":59,"image_id":28,"category_id":2,"bbox":[225,21,6.5,242],"area":1573,"segmentation":[],"iscrowd":0},{"id":60,"image_id":28,"category_id":1,"bbox":[238,187,45.5,42.5],"area":1933.75,"segmentation":[],"iscrowd":0},{"id":61,"image_id":29,"category_id":2,"bbox":[306,18,27,608.5],"area":16429.5,"segmentation":[],"iscrowd":0},{"id":62,"image_id":29,"category_id":1,"bbox":[38,10,270,532],"area":143640,"segmentation":[],"iscrowd":0},{"id":63,"image_id":30,"category_id":1,"bbox":[289,157,194.5,376],"area":73132,"segmentation":[],"iscrowd":0},{"id":64,"image_id":30,"category_id":2,"bbox":[321,65,21.5,554.5],"area":11921.75,"segmentation":[],"iscrowd":0},{"id":65,"image_id":31,"category_id":2,"bbox":[360,19,14,586.5],"area":8211,"segmentation":[],"iscrowd":0},{"id":66,"image_id":31,"category_id":1,"bbox":[264,158,134.5,302],"area":40619,"segmentation":[],"iscrowd":0},{"id":67,"image_id":32,"category_id":2,"bbox":[293,20,22,608],"area":13376,"segmentation":[],"iscrowd":0},{"id":68,"image_id":32,"category_id":1,"bbox":[160,210,152,325],"area":49400,"segmentation":[],"iscrowd":0},{"id":69,"image_id":33,"category_id":2,"bbox":[366,30,14.5,585.5],"area":8489.75,"segmentation":[],"iscrowd":0},{"id":70,"image_id":33,"category_id":1,"bbox":[330,255,102.5,350.5],"area":35926.25,"segmentation":[],"iscrowd":0},{"id":71,"image_id":34,"category_id":1,"bbox":[381,98,84.5,151],"area":12759.5,"segmentation":[],"iscrowd":0},{"id":72,"image_id":34,"category_id":1,"bbox":[569,4,69,332.5],"area":22942.5,"segmentation":[],"iscrowd":0},{"id":73,"image_id":34,"category_id":1,"bbox":[372,392,81,246],"area":19926,"segmentation":[],"iscrowd":0},{"id":74,"image_id":34,"category_id":1,"bbox":[301,147,37.5,443.5],"area":16631.25,"segmentation":[],"iscrowd":0},{"id":75,"image_id":34,"category_id":2,"bbox":[344,7,5,633],"area":3165,"segmentation":[],"iscrowd":0},{"id":76,"image_id":35,"category_id":2,"bbox":[297,15,24,610],"area":14640,"segmentation":[],"iscrowd":0},{"id":77,"image_id":35,"category_id":2,"bbox":[268,66,250.5,334],"area":83667,"segmentation":[],"iscrowd":0},{"id":78,"image_id":36,"category_id":2,"bbox":[326,8,6.5,593.5],"area":3857.75,"segmentation":[],"iscrowd":0},{"id":79,"image_id":36,"category_id":1,"bbox":[331,149,60.5,355],"area":21477.5,"segmentation":[],"iscrowd":0},{"id":80,"image_id":37,"category_id":2,"bbox":[338,86,16.5,526],"area":8679,"segmentation":[],"iscrowd":0},{"id":81,"image_id":37,"category_id":1,"bbox":[325,266,112,281.5],"area":31528,"segmentation":[],"iscrowd":0},{"id":82,"image_id":38,"category_id":1,"bbox":[304,197,93.5,181],"area":16923.5,"segmentation":[],"iscrowd":0},{"id":83,"image_id":38,"category_id":2,"bbox":[285,128,21,489],"area":10269,"segmentation":[],"iscrowd":0},{"id":84,"image_id":39,"category_id":1,"bbox":[268,178,53,364.5],"area":19318.5,"segmentation":[],"iscrowd":0},{"id":85,"image_id":39,"category_id":2,"bbox":[310,59,15,121],"area":1815,"segmentation":[],"iscrowd":0},{"id":86,"image_id":40,"category_id":1,"bbox":[255,82,62,503.5],"area":31217,"segmentation":[],"iscrowd":0},{"id":87,"image_id":40,"category_id":2,"bbox":[324,27,16.5,595],"area":9817.5,"segmentation":[],"iscrowd":0},{"id":88,"image_id":41,"category_id":2,"bbox":[362,156,17,450],"area":7650,"segmentation":[],"iscrowd":0},{"id":89,"image_id":41,"category_id":2,"bbox":[272,210,115.5,187],"area":21598.5,"segmentation":[],"iscrowd":0},{"id":90,"image_id":42,"category_id":2,"bbox":[217,44,17.5,582],"area":10185,"segmentation":[],"iscrowd":0},{"id":91,"image_id":42,"category_id":1,"bbox":[243,154,140.5,285.5],"area":40112.75,"segmentation":[],"iscrowd":0},{"id":92,"image_id":43,"category_id":1,"bbox":[319,178,53,364.5],"area":19318.5,"segmentation":[],"iscrowd":0},{"id":93,"image_id":43,"category_id":2,"bbox":[315,59,15,121],"area":1815,"segmentation":[],"iscrowd":0},{"id":94,"image_id":44,"category_id":2,"bbox":[307,33,14,554.5],"area":7763,"segmentation":[],"iscrowd":0},{"id":95,"image_id":44,"category_id":1,"bbox":[321,294,83.5,178],"area":14863,"segmentation":[],"iscrowd":0},{"id":96,"image_id":45,"category_id":2,"bbox":[273,128,10,498],"area":4980,"segmentation":[],"iscrowd":0},{"id":97,"image_id":45,"category_id":1,"bbox":[269,240,116.5,368],"area":42872,"segmentation":[],"iscrowd":0},{"id":98,"image_id":46,"category_id":2,"bbox":[333,137,20.5,479.5],"area":9829.75,"segmentation":[],"iscrowd":0},{"id":99,"image_id":46,"category_id":1,"bbox":[278,236,58.5,115],"area":6727.5,"segmentation":[],"iscrowd":0},{"id":100,"image_id":46,"category_id":2,"bbox":[170,287,98,291],"area":28518,"segmentation":[],"iscrowd":0},{"id":101,"image_id":47,"category_id":2,"bbox":[272,23,23,601.5],"area":13834.5,"segmentation":[],"iscrowd":0},{"id":102,"image_id":47,"category_id":1,"bbox":[229,261,169,273.5],"area":46221.5,"segmentation":[],"iscrowd":0},{"id":103,"image_id":48,"category_id":1,"bbox":[281,82,90,291],"area":26190,"segmentation":[],"iscrowd":0},{"id":104,"image_id":49,"category_id":2,"bbox":[307,52,14,554.5],"area":7763,"segmentation":[],"iscrowd":0},{"id":105,"image_id":49,"category_id":1,"bbox":[321,168,83.5,178],"area":14863,"segmentation":[],"iscrowd":0},{"id":106,"image_id":50,"category_id":2,"bbox":[275,24,8,606.5],"area":4852,"segmentation":[],"iscrowd":0},{"id":107,"image_id":50,"category_id":1,"bbox":[287,82,87.5,506],"area":44275,"segmentation":[],"iscrowd":0},{"id":108,"image_id":51,"category_id":2,"bbox":[581,117,20.5,454.5],"area":9317.25,"segmentation":[],"iscrowd":0},{"id":109,"image_id":51,"category_id":1,"bbox":[307,291,147,349],"area":51303,"segmentation":[],"iscrowd":0},{"id":110,"image_id":52,"category_id":2,"bbox":[261,12,18.5,569.5],"area":10535.75,"segmentation":[],"iscrowd":0},{"id":111,"image_id":52,"category_id":1,"bbox":[204,143,93,283.5],"area":26365.5,"segmentation":[],"iscrowd":0},{"id":112,"image_id":53,"category_id":2,"bbox":[279,5,8.5,596],"area":5066,"segmentation":[],"iscrowd":0},{"id":113,"image_id":53,"category_id":1,"bbox":[238,211,41.5,322],"area":13363,"segmentation":[],"iscrowd":0},{"id":114,"image_id":54,"category_id":2,"bbox":[285,21,19,605],"area":11495,"segmentation":[],"iscrowd":0},{"id":115,"image_id":54,"category_id":1,"bbox":[246,295,166,333],"area":55278,"segmentation":[],"iscrowd":0},{"id":116,"image_id":55,"category_id":2,"bbox":[180,62,12,479.5],"area":5754,"segmentation":[],"iscrowd":0},{"id":117,"image_id":55,"category_id":1,"bbox":[174,145,79.5,308.5],"area":24525.75,"segmentation":[],"iscrowd":0},{"id":118,"image_id":56,"category_id":2,"bbox":[274,15,26.5,623],"area":16509.5,"segmentation":[],"iscrowd":0},{"id":119,"image_id":56,"category_id":1,"bbox":[234,172,141.5,269],"area":38063.5,"segmentation":[],"iscrowd":0},{"id":120,"image_id":57,"category_id":1,"bbox":[256,44,111,418.5],"area":46453.5,"segmentation":[],"iscrowd":0},{"id":121,"image_id":57,"category_id":2,"bbox":[282,0,12,597],"area":7164,"segmentation":[],"iscrowd":0},{"id":122,"image_id":58,"category_id":2,"bbox":[317,0,18,630],"area":11340,"segmentation":[],"iscrowd":0},{"id":123,"image_id":58,"category_id":1,"bbox":[239,255,97.5,345],"area":33637.5,"segmentation":[],"iscrowd":0},{"id":124,"image_id":59,"category_id":2,"bbox":[305,10,18,630],"area":11340,"segmentation":[],"iscrowd":0},{"id":125,"image_id":59,"category_id":1,"bbox":[304,40,97.5,345],"area":33637.5,"segmentation":[],"iscrowd":0},{"id":126,"image_id":60,"category_id":2,"bbox":[336,28,9,610.5],"area":5494.5,"segmentation":[],"iscrowd":0},{"id":127,"image_id":60,"category_id":1,"bbox":[345,179,57.5,336.5],"area":19348.75,"segmentation":[],"iscrowd":0},{"id":128,"image_id":61,"category_id":1,"bbox":[130,269,184,344],"area":63296,"segmentation":[],"iscrowd":0},{"id":129,"image_id":61,"category_id":2,"bbox":[263,22,20,598],"area":11960,"segmentation":[],"iscrowd":0},{"id":130,"image_id":62,"category_id":2,"bbox":[336,21,11.5,596.5],"area":6859.75,"segmentation":[],"iscrowd":0},{"id":131,"image_id":62,"category_id":1,"bbox":[146,404,80,192.5],"area":15400,"segmentation":[],"iscrowd":0},{"id":132,"image_id":62,"category_id":1,"bbox":[240,155,81.5,433],"area":35289.5,"segmentation":[],"iscrowd":0},{"id":133,"image_id":62,"category_id":1,"bbox":[436,291,108.5,313],"area":33960.5,"segmentation":[],"iscrowd":0},{"id":134,"image_id":63,"category_id":2,"bbox":[358,164,9,454],"area":4086,"segmentation":[],"iscrowd":0},{"id":135,"image_id":63,"category_id":2,"bbox":[263,302,119,237],"area":28203,"segmentation":[],"iscrowd":0},{"id":136,"image_id":64,"category_id":2,"bbox":[66,26,154,409.5],"area":63063,"segmentation":[],"iscrowd":0},{"id":137,"image_id":64,"category_id":2,"bbox":[328,12,30.5,499.5],"area":15234.75,"segmentation":[],"iscrowd":0},{"id":138,"image_id":64,"category_id":1,"bbox":[222,122,118.5,286.5],"area":33950.25,"segmentation":[],"iscrowd":0},{"id":139,"image_id":65,"category_id":2,"bbox":[415,46,36.5,584.5],"area":21334.25,"segmentation":[],"iscrowd":0},{"id":140,"image_id":65,"category_id":1,"bbox":[313,200,145,294.5],"area":42702.5,"segmentation":[],"iscrowd":0},{"id":141,"image_id":66,"category_id":2,"bbox":[297,99,8,541],"area":4328,"segmentation":[],"iscrowd":0},{"id":142,"image_id":66,"category_id":1,"bbox":[510,4,130,259],"area":33670,"segmentation":[],"iscrowd":0},{"id":143,"image_id":67,"category_id":2,"bbox":[364,3,88.5,404.5],"area":35798.25,"segmentation":[],"iscrowd":0},{"id":144,"image_id":67,"category_id":2,"bbox":[333,19,20,518],"area":10360,"segmentation":[],"iscrowd":0},{"id":145,"image_id":67,"category_id":1,"bbox":[259,355,80,62],"area":4960,"segmentation":[],"iscrowd":0},{"id":146,"image_id":68,"category_id":2,"bbox":[317,10,18,630],"area":11340,"segmentation":[],"iscrowd":0},{"id":147,"image_id":68,"category_id":1,"bbox":[239,40,97.5,345],"area":33637.5,"segmentation":[],"iscrowd":0},{"id":148,"image_id":69,"category_id":1,"bbox":[256,135,115,130.5],"area":15007.5,"segmentation":[],"iscrowd":0},{"id":149,"image_id":69,"category_id":1,"bbox":[262,194,95,321.5],"area":30542.5,"segmentation":[],"iscrowd":0},{"id":150,"image_id":69,"category_id":2,"bbox":[240,74,11.5,494],"area":5681,"segmentation":[],"iscrowd":0},{"id":151,"image_id":70,"category_id":2,"bbox":[244,71,19.5,498],"area":9711,"segmentation":[],"iscrowd":0},{"id":152,"image_id":70,"category_id":1,"bbox":[269,68,112,337.5],"area":37800,"segmentation":[],"iscrowd":0},{"id":153,"image_id":71,"category_id":1,"bbox":[315,139,67,362],"area":24254,"segmentation":[],"iscrowd":0},{"id":154,"image_id":71,"category_id":2,"bbox":[318,504,11.5,78],"area":897,"segmentation":[],"iscrowd":0},{"id":155,"image_id":72,"category_id":2,"bbox":[263,16,17.5,489],"area":8557.5,"segmentation":[],"iscrowd":0},{"id":156,"image_id":72,"category_id":1,"bbox":[275,328,77.5,96],"area":7440,"segmentation":[],"iscrowd":0},{"id":157,"image_id":73,"category_id":2,"bbox":[361,58,18.5,569.5],"area":10535.75,"segmentation":[],"iscrowd":0},{"id":158,"image_id":73,"category_id":1,"bbox":[344,214,93,283.5],"area":26365.5,"segmentation":[],"iscrowd":0},{"id":159,"image_id":74,"category_id":2,"bbox":[346,9,6,604],"area":3624,"segmentation":[],"iscrowd":0},{"id":160,"image_id":74,"category_id":1,"bbox":[351,11,40.5,354],"area":14337,"segmentation":[],"iscrowd":0},{"id":161,"image_id":75,"category_id":2,"bbox":[302,24,17.5,268.5],"area":4698.75,"segmentation":[],"iscrowd":0},{"id":162,"image_id":75,"category_id":2,"bbox":[266,245,115,196.5],"area":22597.5,"segmentation":[],"iscrowd":0},{"id":163,"image_id":76,"category_id":1,"bbox":[278,3,60.5,313.5],"area":18966.75,"segmentation":[],"iscrowd":0},{"id":164,"image_id":76,"category_id":2,"bbox":[344,5,11.5,610],"area":7015,"segmentation":[],"iscrowd":0},{"id":165,"image_id":77,"category_id":2,"bbox":[448,62,12,479.5],"area":5754,"segmentation":[],"iscrowd":0},{"id":166,"image_id":77,"category_id":1,"bbox":[387,145,79.5,308.5],"area":24525.75,"segmentation":[],"iscrowd":0},{"id":167,"image_id":78,"category_id":2,"bbox":[268,290,29,307],"area":8903,"segmentation":[],"iscrowd":0},{"id":168,"image_id":78,"category_id":1,"bbox":[255,94,98,374],"area":36652,"segmentation":[],"iscrowd":0},{"id":169,"image_id":79,"category_id":1,"bbox":[543,46,73.5,240],"area":17640,"segmentation":[],"iscrowd":0},{"id":170,"image_id":79,"category_id":1,"bbox":[442,123,45.5,208],"area":9464,"segmentation":[],"iscrowd":0},{"id":171,"image_id":79,"category_id":1,"bbox":[342,202,42.5,230.5],"area":9796.25,"segmentation":[],"iscrowd":0},{"id":172,"image_id":79,"category_id":1,"bbox":[291,264,42.5,313],"area":13302.5,"segmentation":[],"iscrowd":0},{"id":173,"image_id":79,"category_id":1,"bbox":[274,15,67,292],"area":19564,"segmentation":[],"iscrowd":0},{"id":174,"image_id":80,"category_id":2,"bbox":[328,13,19,620],"area":11780,"segmentation":[],"iscrowd":0},{"id":175,"image_id":80,"category_id":1,"bbox":[255,187,143.5,194.5],"area":27910.75,"segmentation":[],"iscrowd":0},{"id":176,"image_id":81,"category_id":1,"bbox":[115,364,93.5,265.5],"area":24824.25,"segmentation":[],"iscrowd":0},{"id":177,"image_id":81,"category_id":1,"bbox":[620,208,19.5,204.5],"area":3987.75,"segmentation":[],"iscrowd":0},{"id":178,"image_id":81,"category_id":1,"bbox":[361,82,97,430.5],"area":41758.5,"segmentation":[],"iscrowd":0},{"id":179,"image_id":81,"category_id":2,"bbox":[355,8,7.5,388],"area":2910,"segmentation":[],"iscrowd":0},{"id":180,"image_id":82,"category_id":2,"bbox":[278,47,10.5,581.5],"area":6105.75,"segmentation":[],"iscrowd":0},{"id":181,"image_id":82,"category_id":1,"bbox":[271,123,71,382],"area":27122,"segmentation":[],"iscrowd":0},{"id":182,"image_id":83,"category_id":2,"bbox":[362,233,7,395.5],"area":2768.5,"segmentation":[],"iscrowd":0},{"id":183,"image_id":83,"category_id":1,"bbox":[284,267,63,65.5],"area":4126.5,"segmentation":[],"iscrowd":0},{"id":184,"image_id":84,"category_id":1,"bbox":[327,269,184,344],"area":63296,"segmentation":[],"iscrowd":0},{"id":185,"image_id":84,"category_id":2,"bbox":[357,22,20,598],"area":11960,"segmentation":[],"iscrowd":0},{"id":186,"image_id":85,"category_id":1,"bbox":[311,160,73.5,360.5],"area":26496.75,"segmentation":[],"iscrowd":0},{"id":187,"image_id":86,"category_id":1,"bbox":[256,114,149.5,313.5],"area":46868.25,"segmentation":[],"iscrowd":0},{"id":188,"image_id":87,"category_id":2,"bbox":[261,58,18.5,569.5],"area":10535.75,"segmentation":[],"iscrowd":0},{"id":189,"image_id":87,"category_id":1,"bbox":[204,214,93,283.5],"area":26365.5,"segmentation":[],"iscrowd":0},{"id":190,"image_id":88,"category_id":2,"bbox":[353,13,19,562.5],"area":10687.5,"segmentation":[],"iscrowd":0},{"id":191,"image_id":88,"category_id":1,"bbox":[280,3,115,343.5],"area":39502.5,"segmentation":[],"iscrowd":0},{"id":192,"image_id":89,"category_id":2,"bbox":[336,1,9,610.5],"area":5494.5,"segmentation":[],"iscrowd":0},{"id":193,"image_id":89,"category_id":1,"bbox":[345,124,57.5,336.5],"area":19348.75,"segmentation":[],"iscrowd":0},{"id":194,"image_id":90,"category_id":2,"bbox":[340,4,7,635.5],"area":4448.5,"segmentation":[],"iscrowd":0},{"id":195,"image_id":90,"category_id":1,"bbox":[265,91,76.5,430],"area":32895,"segmentation":[],"iscrowd":0},{"id":196,"image_id":91,"category_id":1,"bbox":[270,135,115,130.5],"area":15007.5,"segmentation":[],"iscrowd":0},{"id":197,"image_id":91,"category_id":1,"bbox":[284,194,95,321.5],"area":30542.5,"segmentation":[],"iscrowd":0},{"id":198,"image_id":91,"category_id":2,"bbox":[389,74,11.5,494],"area":5681,"segmentation":[],"iscrowd":0},{"id":199,"image_id":92,"category_id":2,"bbox":[329,103,19.5,508],"area":9906,"segmentation":[],"iscrowd":0},{"id":200,"image_id":92,"category_id":2,"bbox":[310,264,131,353.5],"area":46308.5,"segmentation":[],"iscrowd":0},{"id":201,"image_id":93,"category_id":2,"bbox":[38,69,20.5,454.5],"area":9317.25,"segmentation":[],"iscrowd":0},{"id":202,"image_id":93,"category_id":1,"bbox":[186,0,147,349],"area":51303,"segmentation":[],"iscrowd":0},{"id":203,"image_id":94,"category_id":2,"bbox":[280,38,18,597.5],"area":10755,"segmentation":[],"iscrowd":0},{"id":204,"image_id":94,"category_id":1,"bbox":[159,119,138.5,315],"area":43627.5,"segmentation":[],"iscrowd":0},{"id":205,"image_id":95,"category_id":2,"bbox":[364,232,88.5,404.5],"area":35798.25,"segmentation":[],"iscrowd":0},{"id":206,"image_id":95,"category_id":2,"bbox":[333,104,20,518],"area":10360,"segmentation":[],"iscrowd":0},{"id":207,"image_id":95,"category_id":1,"bbox":[259,224,80,62],"area":4960,"segmentation":[],"iscrowd":0},{"id":208,"image_id":96,"category_id":2,"bbox":[342,0,6,637],"area":3822,"segmentation":[],"iscrowd":0},{"id":209,"image_id":96,"category_id":1,"bbox":[282,48,60,441.5],"area":26490,"segmentation":[],"iscrowd":0},{"id":210,"image_id":96,"category_id":1,"bbox":[163,34,117.5,352.5],"area":41418.75,"segmentation":[],"iscrowd":0},{"id":211,"image_id":96,"category_id":1,"bbox":[440,0,60.5,282],"area":17061,"segmentation":[],"iscrowd":0},{"id":212,"image_id":97,"category_id":1,"bbox":[215,119,113,210.5],"area":23786.5,"segmentation":[],"iscrowd":0},{"id":213,"image_id":97,"category_id":2,"bbox":[332,11,19.5,581.5],"area":11339.25,"segmentation":[],"iscrowd":0},{"id":214,"image_id":97,"category_id":2,"bbox":[380,110,55.5,418],"area":23199,"segmentation":[],"iscrowd":0},{"id":215,"image_id":98,"category_id":2,"bbox":[304,28,29,447.5],"area":12977.5,"segmentation":[],"iscrowd":0},{"id":216,"image_id":98,"category_id":1,"bbox":[333,322,78,107.5],"area":8385,"segmentation":[],"iscrowd":0},{"id":217,"image_id":99,"category_id":1,"bbox":[431,11,93.5,265.5],"area":24824.25,"segmentation":[],"iscrowd":0},{"id":218,"image_id":99,"category_id":1,"bbox":[1,228,19.5,204.5],"area":3987.75,"segmentation":[],"iscrowd":0},{"id":219,"image_id":99,"category_id":1,"bbox":[183,128,97,430.5],"area":41758.5,"segmentation":[],"iscrowd":0},{"id":220,"image_id":99,"category_id":2,"bbox":[277,245,7.5,388],"area":2910,"segmentation":[],"iscrowd":0},{"id":221,"image_id":100,"category_id":2,"bbox":[352,40,8.5,596],"area":5066,"segmentation":[],"iscrowd":0},{"id":222,"image_id":100,"category_id":1,"bbox":[361,107,41.5,322],"area":13363,"segmentation":[],"iscrowd":0},{"id":223,"image_id":101,"category_id":1,"bbox":[305,57,75,559.5],"area":41962.5,"segmentation":[],"iscrowd":0},{"id":224,"image_id":102,"category_id":2,"bbox":[310,22,19.5,563.5],"area":10988.25,"segmentation":[],"iscrowd":0},{"id":225,"image_id":102,"category_id":1,"bbox":[331,34,207,419],"area":86733,"segmentation":[],"iscrowd":0},{"id":226,"image_id":103,"category_id":2,"bbox":[272,4,22.5,620],"area":13950,"segmentation":[],"iscrowd":0},{"id":227,"image_id":103,"category_id":1,"bbox":[243,0,154,326],"area":50204,"segmentation":[],"iscrowd":0},{"id":228,"image_id":104,"category_id":1,"bbox":[291,135,48.5,383],"area":18575.5,"segmentation":[],"iscrowd":0},{"id":229,"image_id":104,"category_id":2,"bbox":[308,19,5.5,112],"area":616,"segmentation":[],"iscrowd":0},{"id":230,"image_id":105,"category_id":2,"bbox":[313,45,7.5,594],"area":4455,"segmentation":[],"iscrowd":0},{"id":231,"image_id":105,"category_id":1,"bbox":[240,166,86.5,388.5],"area":33605.25,"segmentation":[],"iscrowd":0},{"id":232,"image_id":106,"category_id":2,"bbox":[283,16,14.5,586],"area":8497,"segmentation":[],"iscrowd":0},{"id":233,"image_id":106,"category_id":1,"bbox":[224,112,58.5,294.5],"area":17228.25,"segmentation":[],"iscrowd":0},{"id":234,"image_id":107,"category_id":2,"bbox":[289,10,17.5,630],"area":11025,"segmentation":[],"iscrowd":0},{"id":235,"image_id":107,"category_id":2,"bbox":[74,123,166.5,363],"area":60439.5,"segmentation":[],"iscrowd":0},{"id":236,"image_id":107,"category_id":1,"bbox":[314,349,73.5,106.5],"area":7827.75,"segmentation":[],"iscrowd":0},{"id":237,"image_id":108,"category_id":2,"bbox":[435,60,12.5,400.5],"area":5006.25,"segmentation":[],"iscrowd":0},{"id":238,"image_id":108,"category_id":1,"bbox":[363,194,99.5,315.5],"area":31392.25,"segmentation":[],"iscrowd":0},{"id":239,"image_id":109,"category_id":2,"bbox":[301,11,24,629],"area":15096,"segmentation":[],"iscrowd":0},{"id":240,"image_id":109,"category_id":1,"bbox":[326,266,109,150.5],"area":16404.5,"segmentation":[],"iscrowd":0},{"id":241,"image_id":110,"category_id":2,"bbox":[408,377,6.5,242],"area":1573,"segmentation":[],"iscrowd":0},{"id":242,"image_id":110,"category_id":1,"bbox":[356,410,45.5,42.5],"area":1933.75,"segmentation":[],"iscrowd":0},{"id":243,"image_id":111,"category_id":1,"bbox":[243,197,93.5,181],"area":16923.5,"segmentation":[],"iscrowd":0},{"id":244,"image_id":111,"category_id":2,"bbox":[335,128,21,489],"area":10269,"segmentation":[],"iscrowd":0},{"id":245,"image_id":112,"category_id":1,"bbox":[312,311,113,210.5],"area":23786.5,"segmentation":[],"iscrowd":0},{"id":246,"image_id":112,"category_id":2,"bbox":[288,48,19.5,581.5],"area":11339.25,"segmentation":[],"iscrowd":0},{"id":247,"image_id":112,"category_id":2,"bbox":[205,113,55.5,418],"area":23199,"segmentation":[],"iscrowd":0},{"id":248,"image_id":113,"category_id":1,"bbox":[324,55,62,503.5],"area":31217,"segmentation":[],"iscrowd":0},{"id":249,"image_id":113,"category_id":2,"bbox":[300,18,16.5,595],"area":9817.5,"segmentation":[],"iscrowd":0},{"id":250,"image_id":114,"category_id":2,"bbox":[192,180,12.5,400.5],"area":5006.25,"segmentation":[],"iscrowd":0},{"id":251,"image_id":114,"category_id":1,"bbox":[177,131,99.5,315.5],"area":31392.25,"segmentation":[],"iscrowd":0},{"id":252,"image_id":115,"category_id":2,"bbox":[366,0,17,620.5],"area":10548.5,"segmentation":[],"iscrowd":0},{"id":253,"image_id":115,"category_id":1,"bbox":[255,212,108,202],"area":21816,"segmentation":[],"iscrowd":0},{"id":254,"image_id":116,"category_id":1,"bbox":[329,255,116,275],"area":31900,"segmentation":[],"iscrowd":0},{"id":255,"image_id":116,"category_id":1,"bbox":[273,9,45.5,532],"area":24206,"segmentation":[],"iscrowd":0},{"id":256,"image_id":116,"category_id":2,"bbox":[317,18,8.5,588],"area":4998,"segmentation":[],"iscrowd":0},{"id":257,"image_id":117,"category_id":2,"bbox":[319,15,24,610],"area":14640,"segmentation":[],"iscrowd":0},{"id":258,"image_id":117,"category_id":2,"bbox":[121,66,250.5,334],"area":83667,"segmentation":[],"iscrowd":0},{"id":259,"image_id":118,"category_id":1,"bbox":[260,18,109,269.5],"area":29375.5,"segmentation":[],"iscrowd":0},{"id":260,"image_id":118,"category_id":2,"bbox":[323,12,23.5,626],"area":14711,"segmentation":[],"iscrowd":0},{"id":261,"image_id":119,"category_id":2,"bbox":[246,2,18.5,450],"area":8325,"segmentation":[],"iscrowd":0},{"id":262,"image_id":119,"category_id":1,"bbox":[220,4,124.5,242],"area":30129,"segmentation":[],"iscrowd":0},{"id":263,"image_id":119,"category_id":2,"bbox":[425,377,195.5,104.5],"area":20429.75,"segmentation":[],"iscrowd":0},{"id":264,"image_id":120,"category_id":2,"bbox":[312,59,18,496],"area":8928,"segmentation":[],"iscrowd":0},{"id":265,"image_id":120,"category_id":1,"bbox":[336,208,110.5,312.5],"area":34531.25,"segmentation":[],"iscrowd":0},{"id":266,"image_id":121,"category_id":2,"bbox":[362,12,7,395.5],"area":2768.5,"segmentation":[],"iscrowd":0},{"id":267,"image_id":121,"category_id":1,"bbox":[284,307,63,65.5],"area":4126.5,"segmentation":[],"iscrowd":0},{"id":268,"image_id":122,"category_id":2,"bbox":[291,30,19.5,508],"area":9906,"segmentation":[],"iscrowd":0},{"id":269,"image_id":122,"category_id":2,"bbox":[199,23,131,353.5],"area":46308.5,"segmentation":[],"iscrowd":0},{"id":270,"image_id":123,"category_id":2,"bbox":[293,7,19,620],"area":11780,"segmentation":[],"iscrowd":0},{"id":271,"image_id":123,"category_id":1,"bbox":[242,259,143.5,194.5],"area":27910.75,"segmentation":[],"iscrowd":0},{"id":272,"image_id":124,"category_id":2,"bbox":[228,14,23,536],"area":12328,"segmentation":[],"iscrowd":0},{"id":273,"image_id":124,"category_id":1,"bbox":[285,154,127.5,260.5],"area":33213.75,"segmentation":[],"iscrowd":0},{"id":274,"image_id":125,"category_id":2,"bbox":[346,16,23,601.5],"area":13834.5,"segmentation":[],"iscrowd":0},{"id":275,"image_id":125,"category_id":1,"bbox":[242,105,169,273.5],"area":46221.5,"segmentation":[],"iscrowd":0},{"id":276,"image_id":126,"category_id":2,"bbox":[267,34,14,586.5],"area":8211,"segmentation":[],"iscrowd":0},{"id":277,"image_id":126,"category_id":1,"bbox":[241,180,134.5,302],"area":40619,"segmentation":[],"iscrowd":0},{"id":278,"image_id":127,"category_id":1,"bbox":[431,364,93.5,265.5],"area":24824.25,"segmentation":[],"iscrowd":0},{"id":279,"image_id":127,"category_id":1,"bbox":[1,208,19.5,204.5],"area":3987.75,"segmentation":[],"iscrowd":0},{"id":280,"image_id":127,"category_id":1,"bbox":[183,82,97,430.5],"area":41758.5,"segmentation":[],"iscrowd":0},{"id":281,"image_id":127,"category_id":2,"bbox":[277,8,7.5,388],"area":2910,"segmentation":[],"iscrowd":0},{"id":282,"image_id":128,"category_id":2,"bbox":[311,59,18,496],"area":8928,"segmentation":[],"iscrowd":0},{"id":283,"image_id":128,"category_id":1,"bbox":[193,208,110.5,312.5],"area":34531.25,"segmentation":[],"iscrowd":0},{"id":284,"image_id":129,"category_id":2,"bbox":[581,69,20.5,454.5],"area":9317.25,"segmentation":[],"iscrowd":0},{"id":285,"image_id":129,"category_id":1,"bbox":[307,0,147,349],"area":51303,"segmentation":[],"iscrowd":0},{"id":286,"image_id":130,"category_id":2,"bbox":[326,39,6.5,593.5],"area":3857.75,"segmentation":[],"iscrowd":0},{"id":287,"image_id":130,"category_id":1,"bbox":[331,136,60.5,355],"area":21477.5,"segmentation":[],"iscrowd":0},{"id":288,"image_id":131,"category_id":2,"bbox":[302,41,27,589],"area":15903,"segmentation":[],"iscrowd":0},{"id":289,"image_id":131,"category_id":1,"bbox":[301,139,183,385],"area":70455,"segmentation":[],"iscrowd":0},{"id":290,"image_id":132,"category_id":2,"bbox":[188,10,36.5,584.5],"area":21334.25,"segmentation":[],"iscrowd":0},{"id":291,"image_id":132,"category_id":1,"bbox":[182,146,145,294.5],"area":42702.5,"segmentation":[],"iscrowd":0},{"id":292,"image_id":133,"category_id":2,"bbox":[215,84,28,517],"area":14476,"segmentation":[],"iscrowd":0},{"id":293,"image_id":133,"category_id":1,"bbox":[234,286,158,200],"area":31600,"segmentation":[],"iscrowd":0},{"id":294,"image_id":134,"category_id":2,"bbox":[311,54,19.5,563.5],"area":10988.25,"segmentation":[],"iscrowd":0},{"id":295,"image_id":134,"category_id":1,"bbox":[102,188,207,419],"area":86733,"segmentation":[],"iscrowd":0},{"id":296,"image_id":135,"category_id":2,"bbox":[346,4,22.5,620],"area":13950,"segmentation":[],"iscrowd":0},{"id":297,"image_id":135,"category_id":1,"bbox":[243,0,154,326],"area":50204,"segmentation":[],"iscrowd":0},{"id":298,"image_id":136,"category_id":2,"bbox":[347,28,18.5,500.5],"area":9259.25,"segmentation":[],"iscrowd":0},{"id":299,"image_id":136,"category_id":1,"bbox":[331,149,169,202.5],"area":34222.5,"segmentation":[],"iscrowd":0},{"id":300,"image_id":137,"category_id":2,"bbox":[293,4,7,635.5],"area":4448.5,"segmentation":[],"iscrowd":0},{"id":301,"image_id":137,"category_id":1,"bbox":[298,91,76.5,430],"area":32895,"segmentation":[],"iscrowd":0},{"id":302,"image_id":138,"category_id":2,"bbox":[94,64,31,557.5],"area":17282.5,"segmentation":[],"iscrowd":0},{"id":303,"image_id":138,"category_id":2,"bbox":[189,41,11,580],"area":6380,"segmentation":[],"iscrowd":0},{"id":304,"image_id":138,"category_id":1,"bbox":[177,295,163.5,324],"area":52974,"segmentation":[],"iscrowd":0},{"id":305,"image_id":139,"category_id":2,"bbox":[53,291,131.5,311],"area":40896.5,"segmentation":[],"iscrowd":0},{"id":306,"image_id":139,"category_id":2,"bbox":[316,33,19.5,587.5],"area":11456.25,"segmentation":[],"iscrowd":0},{"id":307,"image_id":139,"category_id":1,"bbox":[246,206,89,290],"area":25810,"segmentation":[],"iscrowd":0},{"id":308,"image_id":140,"category_id":2,"bbox":[287,24,20.5,479.5],"area":9829.75,"segmentation":[],"iscrowd":0},{"id":309,"image_id":140,"category_id":1,"bbox":[304,289,58.5,115],"area":6727.5,"segmentation":[],"iscrowd":0},{"id":310,"image_id":140,"category_id":2,"bbox":[373,62,98,291],"area":28518,"segmentation":[],"iscrowd":0},{"id":311,"image_id":141,"category_id":2,"bbox":[293,23,11.5,596.5],"area":6859.75,"segmentation":[],"iscrowd":0},{"id":312,"image_id":141,"category_id":1,"bbox":[414,43,80,192.5],"area":15400,"segmentation":[],"iscrowd":0},{"id":313,"image_id":141,"category_id":1,"bbox":[319,53,81.5,433],"area":35289.5,"segmentation":[],"iscrowd":0},{"id":314,"image_id":141,"category_id":1,"bbox":[95,36,108.5,313],"area":33960.5,"segmentation":[],"iscrowd":0},{"id":315,"image_id":142,"category_id":2,"bbox":[343,16,14.5,586],"area":8497,"segmentation":[],"iscrowd":0},{"id":316,"image_id":142,"category_id":1,"bbox":[358,112,58.5,294.5],"area":17228.25,"segmentation":[],"iscrowd":0},{"id":317,"image_id":143,"category_id":1,"bbox":[189,172,100.5,303.5],"area":30501.75,"segmentation":[],"iscrowd":0},{"id":318,"image_id":143,"category_id":2,"bbox":[232,104,14.5,473.5],"area":6865.75,"segmentation":[],"iscrowd":0},{"id":319,"image_id":144,"category_id":2,"bbox":[188,3,88.5,404.5],"area":35798.25,"segmentation":[],"iscrowd":0},{"id":320,"image_id":144,"category_id":2,"bbox":[287,19,20,518],"area":10360,"segmentation":[],"iscrowd":0},{"id":321,"image_id":144,"category_id":1,"bbox":[302,355,80,62],"area":4960,"segmentation":[],"iscrowd":0},{"id":322,"image_id":145,"category_id":1,"bbox":[273,44,111,418.5],"area":46453.5,"segmentation":[],"iscrowd":0},{"id":323,"image_id":145,"category_id":2,"bbox":[347,0,12,597],"area":7164,"segmentation":[],"iscrowd":0},{"id":324,"image_id":146,"category_id":2,"bbox":[180,99,12,479.5],"area":5754,"segmentation":[],"iscrowd":0},{"id":325,"image_id":146,"category_id":1,"bbox":[174,186,79.5,308.5],"area":24525.75,"segmentation":[],"iscrowd":0},{"id":326,"image_id":147,"category_id":1,"bbox":[291,123,48.5,383],"area":18575.5,"segmentation":[],"iscrowd":0},{"id":327,"image_id":147,"category_id":2,"bbox":[308,510,5.5,112],"area":616,"segmentation":[],"iscrowd":0},{"id":328,"image_id":148,"category_id":1,"bbox":[130,27,184,344],"area":63296,"segmentation":[],"iscrowd":0},{"id":329,"image_id":148,"category_id":2,"bbox":[263,21,20,598],"area":11960,"segmentation":[],"iscrowd":0},{"id":330,"image_id":149,"category_id":2,"bbox":[260,25,14.5,585.5],"area":8489.75,"segmentation":[],"iscrowd":0},{"id":331,"image_id":149,"category_id":1,"bbox":[208,34,102.5,350.5],"area":35926.25,"segmentation":[],"iscrowd":0},{"id":332,"image_id":150,"category_id":2,"bbox":[337,21,19,605],"area":11495,"segmentation":[],"iscrowd":0},{"id":333,"image_id":150,"category_id":1,"bbox":[228,295,166,333],"area":55278,"segmentation":[],"iscrowd":0},{"id":334,"image_id":151,"category_id":2,"bbox":[325,12,22,608],"area":13376,"segmentation":[],"iscrowd":0},{"id":335,"image_id":151,"category_id":1,"bbox":[329,106,152,325],"area":49400,"segmentation":[],"iscrowd":0},{"id":336,"image_id":152,"category_id":2,"bbox":[352,5,8.5,596],"area":5066,"segmentation":[],"iscrowd":0},{"id":337,"image_id":152,"category_id":1,"bbox":[361,211,41.5,322],"area":13363,"segmentation":[],"iscrowd":0},{"id":338,"image_id":153,"category_id":1,"bbox":[256,119,73.5,360.5],"area":26496.75,"segmentation":[],"iscrowd":0},{"id":339,"image_id":154,"category_id":1,"bbox":[175,391,84.5,151],"area":12759.5,"segmentation":[],"iscrowd":0},{"id":340,"image_id":154,"category_id":1,"bbox":[3,304,69,332.5],"area":22942.5,"segmentation":[],"iscrowd":0},{"id":341,"image_id":154,"category_id":1,"bbox":[188,2,81,246],"area":19926,"segmentation":[],"iscrowd":0},{"id":342,"image_id":154,"category_id":1,"bbox":[301,50,37.5,443.5],"area":16631.25,"segmentation":[],"iscrowd":0},{"id":343,"image_id":154,"category_id":2,"bbox":[291,0,5,633],"area":3165,"segmentation":[],"iscrowd":0},{"id":344,"image_id":155,"category_id":2,"bbox":[311,22,19.5,563.5],"area":10988.25,"segmentation":[],"iscrowd":0},{"id":345,"image_id":155,"category_id":1,"bbox":[102,34,207,419],"area":86733,"segmentation":[],"iscrowd":0},{"id":346,"image_id":156,"category_id":2,"bbox":[294,0,10,640],"area":6400,"segmentation":[],"iscrowd":0},{"id":347,"image_id":156,"category_id":1,"bbox":[261,233,61.5,312.5],"area":19218.75,"segmentation":[],"iscrowd":0},{"id":348,"image_id":157,"category_id":2,"bbox":[262,34,17,450],"area":7650,"segmentation":[],"iscrowd":0},{"id":349,"image_id":157,"category_id":2,"bbox":[253,243,115.5,187],"area":21598.5,"segmentation":[],"iscrowd":0},{"id":350,"image_id":158,"category_id":2,"bbox":[334,0,17.5,630],"area":11025,"segmentation":[],"iscrowd":0},{"id":351,"image_id":158,"category_id":2,"bbox":[399,154,166.5,363],"area":60439.5,"segmentation":[],"iscrowd":0},{"id":352,"image_id":158,"category_id":1,"bbox":[252,184,73.5,106.5],"area":7827.75,"segmentation":[],"iscrowd":0},{"id":353,"image_id":159,"category_id":2,"bbox":[515,18,31,557.5],"area":17282.5,"segmentation":[],"iscrowd":0},{"id":354,"image_id":159,"category_id":2,"bbox":[441,20,11,580],"area":6380,"segmentation":[],"iscrowd":0},{"id":355,"image_id":159,"category_id":1,"bbox":[299,22,163.5,324],"area":52974,"segmentation":[],"iscrowd":0},{"id":356,"image_id":160,"category_id":1,"bbox":[273,177,111,418.5],"area":46453.5,"segmentation":[],"iscrowd":0},{"id":357,"image_id":160,"category_id":2,"bbox":[347,43,12,597],"area":7164,"segmentation":[],"iscrowd":0},{"id":358,"image_id":161,"category_id":2,"bbox":[390,14,23,536],"area":12328,"segmentation":[],"iscrowd":0},{"id":359,"image_id":161,"category_id":1,"bbox":[228,154,127.5,260.5],"area":33213.75,"segmentation":[],"iscrowd":0},{"id":360,"image_id":162,"category_id":2,"bbox":[278,11,10.5,581.5],"area":6105.75,"segmentation":[],"iscrowd":0},{"id":361,"image_id":162,"category_id":1,"bbox":[271,135,71,382],"area":27122,"segmentation":[],"iscrowd":0},{"id":362,"image_id":163,"category_id":2,"bbox":[308,14,27,608.5],"area":16429.5,"segmentation":[],"iscrowd":0},{"id":363,"image_id":163,"category_id":1,"bbox":[333,99,270,532],"area":143640,"segmentation":[],"iscrowd":0},{"id":364,"image_id":164,"category_id":1,"bbox":[315,139,67,362],"area":24254,"segmentation":[],"iscrowd":0},{"id":365,"image_id":164,"category_id":2,"bbox":[318,59,11.5,78],"area":897,"segmentation":[],"iscrowd":0},{"id":366,"image_id":165,"category_id":1,"bbox":[212,291,151.5,294],"area":44541,"segmentation":[],"iscrowd":0},{"id":367,"image_id":165,"category_id":2,"bbox":[276,0,14,638],"area":8932,"segmentation":[],"iscrowd":0},{"id":368,"image_id":166,"category_id":2,"bbox":[339,15,26.5,623],"area":16509.5,"segmentation":[],"iscrowd":0},{"id":369,"image_id":166,"category_id":1,"bbox":[264,172,141.5,269],"area":38063.5,"segmentation":[],"iscrowd":0},{"id":370,"image_id":167,"category_id":1,"bbox":[24,355,73.5,240],"area":17640,"segmentation":[],"iscrowd":0},{"id":371,"image_id":167,"category_id":1,"bbox":[152,309,45.5,208],"area":9464,"segmentation":[],"iscrowd":0},{"id":372,"image_id":167,"category_id":1,"bbox":[256,208,42.5,230.5],"area":9796.25,"segmentation":[],"iscrowd":0},{"id":373,"image_id":167,"category_id":1,"bbox":[307,63,42.5,313],"area":13302.5,"segmentation":[],"iscrowd":0},{"id":374,"image_id":167,"category_id":1,"bbox":[300,333,67,292],"area":19564,"segmentation":[],"iscrowd":0},{"id":375,"image_id":168,"category_id":2,"bbox":[344,44,29,307],"area":8903,"segmentation":[],"iscrowd":0},{"id":376,"image_id":168,"category_id":1,"bbox":[287,173,98,374],"area":36652,"segmentation":[],"iscrowd":0},{"id":377,"image_id":169,"category_id":2,"bbox":[293,7,12,633],"area":7596,"segmentation":[],"iscrowd":0},{"id":378,"image_id":169,"category_id":1,"bbox":[304,6,71.5,617],"area":44115.5,"segmentation":[],"iscrowd":0},{"id":379,"image_id":170,"category_id":1,"bbox":[283,146,97.5,329],"area":32077.5,"segmentation":[],"iscrowd":0},{"id":380,"image_id":170,"category_id":2,"bbox":[266,73,12,493],"area":5916,"segmentation":[],"iscrowd":0},{"id":381,"image_id":171,"category_id":2,"bbox":[337,12,22,618.5],"area":13607,"segmentation":[],"iscrowd":0},{"id":382,"image_id":171,"category_id":1,"bbox":[303,132,275.5,485.5],"area":133755.25,"segmentation":[],"iscrowd":0},{"id":383,"image_id":172,"category_id":2,"bbox":[293,13,19,620],"area":11780,"segmentation":[],"iscrowd":0},{"id":384,"image_id":172,"category_id":1,"bbox":[242,187,143.5,194.5],"area":27910.75,"segmentation":[],"iscrowd":0},{"id":385,"image_id":173,"category_id":2,"bbox":[337,15,19,605],"area":11495,"segmentation":[],"iscrowd":0},{"id":386,"image_id":173,"category_id":1,"bbox":[228,12,166,333],"area":55278,"segmentation":[],"iscrowd":0},{"id":387,"image_id":174,"category_id":1,"bbox":[256,375,115,130.5],"area":15007.5,"segmentation":[],"iscrowd":0},{"id":388,"image_id":174,"category_id":1,"bbox":[262,124,95,321.5],"area":30542.5,"segmentation":[],"iscrowd":0},{"id":389,"image_id":174,"category_id":2,"bbox":[240,73,11.5,494],"area":5681,"segmentation":[],"iscrowd":0},{"id":390,"image_id":175,"category_id":2,"bbox":[363,8,18,631.5],"area":11367,"segmentation":[],"iscrowd":0},{"id":391,"image_id":175,"category_id":1,"bbox":[255,190,104.5,232],"area":24244,"segmentation":[],"iscrowd":0},{"id":392,"image_id":176,"category_id":2,"bbox":[359,135,17.5,489],"area":8557.5,"segmentation":[],"iscrowd":0},{"id":393,"image_id":176,"category_id":1,"bbox":[287,217,77.5,96],"area":7440,"segmentation":[],"iscrowd":0},{"id":394,"image_id":177,"category_id":2,"bbox":[336,0,10,640],"area":6400,"segmentation":[],"iscrowd":0},{"id":395,"image_id":177,"category_id":1,"bbox":[318,233,61.5,312.5],"area":19218.75,"segmentation":[],"iscrowd":0},{"id":396,"image_id":178,"category_id":2,"bbox":[360,28,24,593.5],"area":14244,"segmentation":[],"iscrowd":0},{"id":397,"image_id":178,"category_id":1,"bbox":[169,246,182,366.5],"area":66703,"segmentation":[],"iscrowd":0},{"id":398,"image_id":179,"category_id":2,"bbox":[289,0,17.5,630],"area":11025,"segmentation":[],"iscrowd":0},{"id":399,"image_id":179,"category_id":2,"bbox":[74,154,166.5,363],"area":60439.5,"segmentation":[],"iscrowd":0},{"id":400,"image_id":179,"category_id":1,"bbox":[314,184,73.5,106.5],"area":7827.75,"segmentation":[],"iscrowd":0},{"id":401,"image_id":180,"category_id":2,"bbox":[335,42,20.5,566],"area":11603,"segmentation":[],"iscrowd":0},{"id":402,"image_id":180,"category_id":1,"bbox":[305,220,204,305],"area":62220,"segmentation":[],"iscrowd":0},{"id":403,"image_id":181,"category_id":2,"bbox":[362,34,17,450],"area":7650,"segmentation":[],"iscrowd":0},{"id":404,"image_id":181,"category_id":2,"bbox":[272,243,115.5,187],"area":21598.5,"segmentation":[],"iscrowd":0},{"id":405,"image_id":182,"category_id":2,"bbox":[246,8,28,457.5],"area":12810,"segmentation":[],"iscrowd":0},{"id":406,"image_id":182,"category_id":1,"bbox":[276,284,66.5,122],"area":8113,"segmentation":[],"iscrowd":0},{"id":407,"image_id":183,"category_id":2,"bbox":[316,7,19.5,471],"area":9184.5,"segmentation":[],"iscrowd":0},{"id":408,"image_id":183,"category_id":1,"bbox":[172,210,122,134],"area":16348,"segmentation":[],"iscrowd":0},{"id":409,"image_id":183,"category_id":2,"bbox":[470,301,136.5,180.5],"area":24638.25,"segmentation":[],"iscrowd":0},{"id":410,"image_id":184,"category_id":2,"bbox":[335,7,12,633],"area":7596,"segmentation":[],"iscrowd":0},{"id":411,"image_id":184,"category_id":1,"bbox":[265,6,71.5,617],"area":44115.5,"segmentation":[],"iscrowd":0},{"id":412,"image_id":185,"category_id":2,"bbox":[343,38,18,597.5],"area":10755,"segmentation":[],"iscrowd":0},{"id":413,"image_id":185,"category_id":1,"bbox":[343,119,138.5,315],"area":43627.5,"segmentation":[],"iscrowd":0},{"id":414,"image_id":186,"category_id":2,"bbox":[358,22,9,454],"area":4086,"segmentation":[],"iscrowd":0},{"id":415,"image_id":186,"category_id":2,"bbox":[263,102,119,237],"area":28203,"segmentation":[],"iscrowd":0},{"id":416,"image_id":187,"category_id":1,"bbox":[156,108,194.5,376],"area":73132,"segmentation":[],"iscrowd":0},{"id":417,"image_id":187,"category_id":2,"bbox":[297,21,21.5,554.5],"area":11921.75,"segmentation":[],"iscrowd":0},{"id":418,"image_id":188,"category_id":1,"bbox":[276,131,137,241],"area":33017,"segmentation":[],"iscrowd":0},{"id":419,"image_id":188,"category_id":2,"bbox":[240,11,25.5,464.5],"area":11844.75,"segmentation":[],"iscrowd":0},{"id":420,"image_id":189,"category_id":2,"bbox":[275,9,8,606.5],"area":4852,"segmentation":[],"iscrowd":0},{"id":421,"image_id":189,"category_id":1,"bbox":[287,52,87.5,506],"area":44275,"segmentation":[],"iscrowd":0},{"id":422,"image_id":190,"category_id":2,"bbox":[357,14,10,498],"area":4980,"segmentation":[],"iscrowd":0},{"id":423,"image_id":190,"category_id":1,"bbox":[255,33,116.5,368],"area":42872,"segmentation":[],"iscrowd":0},{"id":424,"image_id":191,"category_id":1,"bbox":[255,55,62,503.5],"area":31217,"segmentation":[],"iscrowd":0},{"id":425,"image_id":191,"category_id":2,"bbox":[324,18,16.5,595],"area":9817.5,"segmentation":[],"iscrowd":0},{"id":426,"image_id":192,"category_id":2,"bbox":[304,35,7.5,576],"area":4320,"segmentation":[],"iscrowd":0},{"id":427,"image_id":192,"category_id":1,"bbox":[171,286,160,269],"area":43040,"segmentation":[],"iscrowd":0},{"id":428,"image_id":193,"category_id":2,"bbox":[350,54,10,554],"area":5540,"segmentation":[],"iscrowd":0},{"id":429,"image_id":193,"category_id":1,"bbox":[219,261,132,197],"area":26004,"segmentation":[],"iscrowd":0},{"id":430,"image_id":194,"category_id":2,"bbox":[305,7,19.5,471],"area":9184.5,"segmentation":[],"iscrowd":0},{"id":431,"image_id":194,"category_id":1,"bbox":[346,210,122,134],"area":16348,"segmentation":[],"iscrowd":0},{"id":432,"image_id":194,"category_id":2,"bbox":[33,301,136.5,180.5],"area":24638.25,"segmentation":[],"iscrowd":0},{"id":433,"image_id":195,"category_id":2,"bbox":[284,33,20.5,566],"area":11603,"segmentation":[],"iscrowd":0},{"id":434,"image_id":195,"category_id":1,"bbox":[132,116,204,305],"area":62220,"segmentation":[],"iscrowd":0},{"id":435,"image_id":196,"category_id":2,"bbox":[311,11,27,589],"area":15903,"segmentation":[],"iscrowd":0},{"id":436,"image_id":196,"category_id":1,"bbox":[156,116,183,385],"area":70455,"segmentation":[],"iscrowd":0},{"id":437,"image_id":197,"category_id":2,"bbox":[215,40,28,517],"area":14476,"segmentation":[],"iscrowd":0},{"id":438,"image_id":197,"category_id":1,"bbox":[234,155,158,200],"area":31600,"segmentation":[],"iscrowd":0},{"id":439,"image_id":198,"category_id":2,"bbox":[306,14,27,608.5],"area":16429.5,"segmentation":[],"iscrowd":0},{"id":440,"image_id":198,"category_id":1,"bbox":[38,99,270,532],"area":143640,"segmentation":[],"iscrowd":0},{"id":441,"image_id":199,"category_id":2,"bbox":[421,205,154,409.5],"area":63063,"segmentation":[],"iscrowd":0},{"id":442,"image_id":199,"category_id":2,"bbox":[281,129,30.5,499.5],"area":15234.75,"segmentation":[],"iscrowd":0},{"id":443,"image_id":199,"category_id":1,"bbox":[300,231,118.5,286.5],"area":33950.25,"segmentation":[],"iscrowd":0},{"id":444,"image_id":200,"category_id":1,"bbox":[195,110,116,275],"area":31900,"segmentation":[],"iscrowd":0},{"id":445,"image_id":200,"category_id":1,"bbox":[321,99,45.5,532],"area":24206,"segmentation":[],"iscrowd":0},{"id":446,"image_id":200,"category_id":2,"bbox":[314,34,8.5,588],"area":4998,"segmentation":[],"iscrowd":0},{"id":447,"image_id":201,"category_id":2,"bbox":[311,0,8,601.5],"area":4812,"segmentation":[],"iscrowd":0},{"id":448,"image_id":201,"category_id":2,"bbox":[314,235,62,311],"area":19282,"segmentation":[],"iscrowd":0},{"id":449,"image_id":202,"category_id":1,"bbox":[339,191,77.5,368.5],"area":28558.75,"segmentation":[],"iscrowd":0},{"id":450,"image_id":202,"category_id":2,"bbox":[306,3,9.5,627],"area":5956.5,"segmentation":[],"iscrowd":0},{"id":451,"image_id":203,"category_id":2,"bbox":[306,211,17,315],"area":5355,"segmentation":[],"iscrowd":0},{"id":452,"image_id":203,"category_id":1,"bbox":[302,119,73,183.5],"area":13395.5,"segmentation":[],"iscrowd":0},{"id":453,"image_id":204,"category_id":2,"bbox":[217,14,17.5,582],"area":10185,"segmentation":[],"iscrowd":0},{"id":454,"image_id":204,"category_id":1,"bbox":[243,201,140.5,285.5],"area":40112.75,"segmentation":[],"iscrowd":0},{"id":455,"image_id":205,"category_id":2,"bbox":[328,48,7,544],"area":3808,"segmentation":[],"iscrowd":0},{"id":456,"image_id":205,"category_id":1,"bbox":[244,255,95,199],"area":18905,"segmentation":[],"iscrowd":0},{"id":457,"image_id":206,"category_id":2,"bbox":[328,48,7,544],"area":3808,"segmentation":[],"iscrowd":0},{"id":458,"image_id":206,"category_id":1,"bbox":[244,187,95,199],"area":18905,"segmentation":[],"iscrowd":0},{"id":459,"image_id":207,"category_id":2,"bbox":[421,26,154,409.5],"area":63063,"segmentation":[],"iscrowd":0},{"id":460,"image_id":207,"category_id":2,"bbox":[281,12,30.5,499.5],"area":15234.75,"segmentation":[],"iscrowd":0},{"id":461,"image_id":207,"category_id":1,"bbox":[300,122,118.5,286.5],"area":33950.25,"segmentation":[],"iscrowd":0},{"id":462,"image_id":208,"category_id":2,"bbox":[350,33,10,554],"area":5540,"segmentation":[],"iscrowd":0},{"id":463,"image_id":208,"category_id":1,"bbox":[219,182,132,197],"area":26004,"segmentation":[],"iscrowd":0},{"id":464,"image_id":209,"category_id":2,"bbox":[321,0,8,601.5],"area":4812,"segmentation":[],"iscrowd":0},{"id":465,"image_id":209,"category_id":2,"bbox":[265,235,62,311],"area":19282,"segmentation":[],"iscrowd":0},{"id":466,"image_id":210,"category_id":2,"bbox":[275,28,18.5,500.5],"area":9259.25,"segmentation":[],"iscrowd":0},{"id":467,"image_id":210,"category_id":1,"bbox":[141,149,169,202.5],"area":34222.5,"segmentation":[],"iscrowd":0},{"id":468,"image_id":211,"category_id":2,"bbox":[307,27,16,602],"area":9632,"segmentation":[],"iscrowd":0},{"id":469,"image_id":211,"category_id":1,"bbox":[191,207,160,241],"area":38560,"segmentation":[],"iscrowd":0},{"id":470,"image_id":212,"category_id":2,"bbox":[335,69,9,538],"area":4842,"segmentation":[],"iscrowd":0},{"id":471,"image_id":212,"category_id":1,"bbox":[228,66,104,394],"area":40976,"segmentation":[],"iscrowd":0},{"id":472,"image_id":213,"category_id":2,"bbox":[260,8,18,631.5],"area":11367,"segmentation":[],"iscrowd":0},{"id":473,"image_id":213,"category_id":1,"bbox":[280,190,104.5,232],"area":24244,"segmentation":[],"iscrowd":0},{"id":474,"image_id":214,"category_id":1,"bbox":[271,352,109,269.5],"area":29375.5,"segmentation":[],"iscrowd":0},{"id":475,"image_id":214,"category_id":2,"bbox":[294,3,23.5,626],"area":14711,"segmentation":[],"iscrowd":0},{"id":476,"image_id":215,"category_id":1,"bbox":[543,355,73.5,240],"area":17640,"segmentation":[],"iscrowd":0},{"id":477,"image_id":215,"category_id":1,"bbox":[442,309,45.5,208],"area":9464,"segmentation":[],"iscrowd":0},{"id":478,"image_id":215,"category_id":1,"bbox":[342,208,42.5,230.5],"area":9796.25,"segmentation":[],"iscrowd":0},{"id":479,"image_id":215,"category_id":1,"bbox":[291,63,42.5,313],"area":13302.5,"segmentation":[],"iscrowd":0},{"id":480,"image_id":215,"category_id":1,"bbox":[274,333,67,292],"area":19564,"segmentation":[],"iscrowd":0},{"id":481,"image_id":216,"category_id":2,"bbox":[188,46,36.5,584.5],"area":21334.25,"segmentation":[],"iscrowd":0},{"id":482,"image_id":216,"category_id":1,"bbox":[182,200,145,294.5],"area":42702.5,"segmentation":[],"iscrowd":0},{"id":483,"image_id":217,"category_id":1,"bbox":[357,144,116.5,334],"area":38911,"segmentation":[],"iscrowd":0},{"id":484,"image_id":217,"category_id":2,"bbox":[332,50,10.5,498.5],"area":5234.25,"segmentation":[],"iscrowd":0},{"id":485,"image_id":218,"category_id":1,"bbox":[271,18,109,269.5],"area":29375.5,"segmentation":[],"iscrowd":0},{"id":486,"image_id":218,"category_id":2,"bbox":[294,12,23.5,626],"area":14711,"segmentation":[],"iscrowd":0},{"id":487,"image_id":219,"category_id":2,"bbox":[357,128,10,498],"area":4980,"segmentation":[],"iscrowd":0},{"id":488,"image_id":219,"category_id":1,"bbox":[255,240,116.5,368],"area":42872,"segmentation":[],"iscrowd":0},{"id":489,"image_id":220,"category_id":2,"bbox":[296,34,9,538],"area":4842,"segmentation":[],"iscrowd":0},{"id":490,"image_id":220,"category_id":1,"bbox":[308,180,104,394],"area":40976,"segmentation":[],"iscrowd":0},{"id":491,"image_id":221,"category_id":2,"bbox":[286,28,16.5,526],"area":8679,"segmentation":[],"iscrowd":0},{"id":492,"image_id":221,"category_id":1,"bbox":[204,92,112,281.5],"area":31528,"segmentation":[],"iscrowd":0},{"id":493,"image_id":222,"category_id":2,"bbox":[307,28,29,447.5],"area":12977.5,"segmentation":[],"iscrowd":0},{"id":494,"image_id":222,"category_id":1,"bbox":[229,322,78,107.5],"area":8385,"segmentation":[],"iscrowd":0},{"id":495,"image_id":223,"category_id":2,"bbox":[329,35,7.5,576],"area":4320,"segmentation":[],"iscrowd":0},{"id":496,"image_id":223,"category_id":1,"bbox":[310,286,160,269],"area":43040,"segmentation":[],"iscrowd":0},{"id":497,"image_id":224,"category_id":2,"bbox":[304,29,7.5,576],"area":4320,"segmentation":[],"iscrowd":0},{"id":498,"image_id":224,"category_id":1,"bbox":[171,85,160,269],"area":43040,"segmentation":[],"iscrowd":0},{"id":499,"image_id":225,"category_id":1,"bbox":[301,135,48.5,383],"area":18575.5,"segmentation":[],"iscrowd":0},{"id":500,"image_id":225,"category_id":2,"bbox":[326,19,5.5,112],"area":616,"segmentation":[],"iscrowd":0},{"id":501,"image_id":226,"category_id":2,"bbox":[320,24,17.5,268.5],"area":4698.75,"segmentation":[],"iscrowd":0},{"id":502,"image_id":226,"category_id":2,"bbox":[260,245,115,196.5],"area":22597.5,"segmentation":[],"iscrowd":0},{"id":503,"image_id":227,"category_id":2,"bbox":[435,180,12.5,400.5],"area":5006.25,"segmentation":[],"iscrowd":0},{"id":504,"image_id":227,"category_id":1,"bbox":[363,131,99.5,315.5],"area":31392.25,"segmentation":[],"iscrowd":0},{"id":505,"image_id":228,"category_id":1,"bbox":[228,131,137,241],"area":33017,"segmentation":[],"iscrowd":0},{"id":506,"image_id":228,"category_id":2,"bbox":[374,11,25.5,464.5],"area":11844.75,"segmentation":[],"iscrowd":0},{"id":507,"image_id":229,"category_id":2,"bbox":[366,19,17,620.5],"area":10548.5,"segmentation":[],"iscrowd":0},{"id":508,"image_id":229,"category_id":1,"bbox":[255,227,108,202],"area":21816,"segmentation":[],"iscrowd":0},{"id":509,"image_id":230,"category_id":2,"bbox":[342,3,6,637],"area":3822,"segmentation":[],"iscrowd":0},{"id":510,"image_id":230,"category_id":1,"bbox":[282,151,60,441.5],"area":26490,"segmentation":[],"iscrowd":0},{"id":511,"image_id":230,"category_id":1,"bbox":[163,254,117.5,352.5],"area":41418.75,"segmentation":[],"iscrowd":0},{"id":512,"image_id":230,"category_id":1,"bbox":[440,358,60.5,282],"area":17061,"segmentation":[],"iscrowd":0},{"id":513,"image_id":231,"category_id":2,"bbox":[260,30,14.5,585.5],"area":8489.75,"segmentation":[],"iscrowd":0},{"id":514,"image_id":231,"category_id":1,"bbox":[208,255,102.5,350.5],"area":35926.25,"segmentation":[],"iscrowd":0},{"id":515,"image_id":232,"category_id":2,"bbox":[281,9,22,618.5],"area":13607,"segmentation":[],"iscrowd":0},{"id":516,"image_id":232,"category_id":1,"bbox":[61,22,275.5,485.5],"area":133755.25,"segmentation":[],"iscrowd":0},{"id":517,"image_id":233,"category_id":1,"bbox":[256,213,149.5,313.5],"area":46868.25,"segmentation":[],"iscrowd":0},{"id":518,"image_id":234,"category_id":2,"bbox":[357,9,8,606.5],"area":4852,"segmentation":[],"iscrowd":0},{"id":519,"image_id":234,"category_id":1,"bbox":[265,52,87.5,506],"area":44275,"segmentation":[],"iscrowd":0},{"id":520,"image_id":235,"category_id":1,"bbox":[228,269,137,241],"area":33017,"segmentation":[],"iscrowd":0},{"id":521,"image_id":235,"category_id":2,"bbox":[374,164,25.5,464.5],"area":11844.75,"segmentation":[],"iscrowd":0},{"id":522,"image_id":236,"category_id":2,"bbox":[281,12,22,618.5],"area":13607,"segmentation":[],"iscrowd":0},{"id":523,"image_id":236,"category_id":1,"bbox":[61,132,275.5,485.5],"area":133755.25,"segmentation":[],"iscrowd":0},{"id":524,"image_id":237,"category_id":2,"bbox":[293,7,19.5,518.5],"area":10110.75,"segmentation":[],"iscrowd":0},{"id":525,"image_id":237,"category_id":1,"bbox":[333,257,134,99.5],"area":13333,"segmentation":[],"iscrowd":0},{"id":526,"image_id":238,"category_id":1,"bbox":[305,23,75,559.5],"area":41962.5,"segmentation":[],"iscrowd":0},{"id":527,"image_id":239,"category_id":2,"bbox":[241,165,8,278],"area":2224,"segmentation":[],"iscrowd":0},{"id":528,"image_id":239,"category_id":1,"bbox":[250,241,34.5,92],"area":3174,"segmentation":[],"iscrowd":0},{"id":529,"image_id":240,"category_id":1,"bbox":[223,191,77.5,368.5],"area":28558.75,"segmentation":[],"iscrowd":0},{"id":530,"image_id":240,"category_id":2,"bbox":[325,3,9.5,627],"area":5956.5,"segmentation":[],"iscrowd":0}]}