<annotation>
	<folder></folder>
	<filename>00101_png.rf.3143b0c62fc89d1713048c566967c6d7.jpg</filename>
	<path>00101_png.rf.3143b0c62fc89d1713048c566967c6d7.jpg</path>
	<source>
		<database>roboflow.com</database>
	</source>
	<size>
		<width>640</width>
		<height>640</height>
		<depth>3</depth>
	</size>
	<segmented>0</segmented>
	<object>
		<name>diver</name>
		<pose>Unspecified</pose>
		<truncated>0</truncated>
		<difficult>0</difficult>
		<occluded>0</occluded>
		<bndbox>
			<xmin>258</xmin>
			<xmax>332</xmax>
			<ymin>235</ymin>
			<ymax>388</ymax>
		</bndbox>
	</object>
	<object>
		<name>rope</name>
		<pose>Unspecified</pose>
		<truncated>0</truncated>
		<difficult>0</difficult>
		<occluded>0</occluded>
		<bndbox>
			<xmin>241</xmin>
			<xmax>294</xmax>
			<ymin>1</ymin>
			<ymax>452</ymax>
		</bndbox>
		<polygon>
			<x1>275.999985</x1>
			<y1>3.235295</y1>
			<x2>240.429784</x2>
			<y2>449.03857</y2>
			<x3>254.427449</x3>
			<y3>451.390073</y3>
			<x4>293.087717</x4>
			<y4>0</y4>
			<x5>275.999985</x5>
			<y5>3.235295</y5>
		</polygon>
	</object>
	<object>
		<name>rope</name>
		<pose>Unspecified</pose>
		<truncated>0</truncated>
		<difficult>0</difficult>
		<occluded>0</occluded>
		<bndbox>
			<xmin>30</xmin>
			<xmax>175</xmax>
			<ymin>3</ymin>
			<ymax>301</ymax>
		</bndbox>
		<polygon>
			<x1>29.333318</x1>
			<y1>4.705884</y1>
			<x2>167.108624</x2>
			<y2>299.718736</y2>
			<x3>174.44073</x3>
			<y3>283.25826</y3>
			<x4>43.795765</x4>
			<y4>2.254729</y4>
			<x5>29.333318</x5>
			<y5>4.705884</y5>
		</polygon>
	</object>
</annotation>
