<annotation>
	<folder></folder>
	<filename>00301_png.rf.b5f15189c77a3edfb5d8c6d9e620369a.jpg</filename>
	<path>00301_png.rf.b5f15189c77a3edfb5d8c6d9e620369a.jpg</path>
	<source>
		<database>roboflow.com</database>
	</source>
	<size>
		<width>640</width>
		<height>640</height>
		<depth>3</depth>
	</size>
	<segmented>0</segmented>
	<object>
		<name>rope</name>
		<pose>Unspecified</pose>
		<truncated>0</truncated>
		<difficult>0</difficult>
		<occluded>0</occluded>
		<bndbox>
			<xmin>1</xmin>
			<xmax>247</xmax>
			<ymin>362</ymin>
			<ymax>429</ymax>
		</bndbox>
		<polygon>
			<x1>246.428798</x1>
			<y1>410.238928</y1>
			<x2>1.833318</x2>
			<y2>360.588236</y2>
			<x3>0</x3>
			<y3>392.602723</y3>
			<x4>246.428798</x4>
			<y4>427.875133</y4>
			<x5>246.428798</x5>
			<y5>410.238928</y5>
		</polygon>
	</object>
	<object>
		<name>diver</name>
		<pose>Unspecified</pose>
		<truncated>0</truncated>
		<difficult>0</difficult>
		<occluded>0</occluded>
		<bndbox>
			<xmin>175</xmin>
			<xmax>225</xmax>
			<ymin>347</ymin>
			<ymax>404</ymax>
		</bndbox>
	</object>
</annotation>
