<annotation>
	<folder></folder>
	<filename>00401-2-_png.rf.1ad694a2283084a4c6e3f2d0af954172.jpg</filename>
	<path>00401-2-_png.rf.1ad694a2283084a4c6e3f2d0af954172.jpg</path>
	<source>
		<database>roboflow.com</database>
	</source>
	<size>
		<width>640</width>
		<height>640</height>
		<depth>3</depth>
	</size>
	<segmented>0</segmented>
	<object>
		<name>diver</name>
		<pose>Unspecified</pose>
		<truncated>0</truncated>
		<difficult>0</difficult>
		<occluded>0</occluded>
		<bndbox>
			<xmin>311</xmin>
			<xmax>372</xmax>
			<ymin>269</ymin>
			<ymax>344</ymax>
		</bndbox>
	</object>
	<object>
		<name>rope</name>
		<pose>Unspecified</pose>
		<truncated>0</truncated>
		<difficult>0</difficult>
		<occluded>0</occluded>
		<bndbox>
			<xmin>3</xmin>
			<xmax>465</xmax>
			<ymin>311</ymin>
			<ymax>553</ymax>
		</bndbox>
		<polygon>
			<x1>1.833318</x1>
			<y1>551.764707</y1>
			<x2>464.392638</x2>
			<y2>336.166875</y2>
			<x3>460.393262</x3>
			<y3>310.300432</y3>
			<x4>1.802717</x4>
			<y4>516.056158</y4>
			<x5>1.833318</x5>
			<y5>551.764707</y5>
		</polygon>
	</object>
</annotation>
