<annotation>
	<folder></folder>
	<filename>00401-4-_png.rf.f780982bd4cd4b942ee189ed3efab015.jpg</filename>
	<path>00401-4-_png.rf.f780982bd4cd4b942ee189ed3efab015.jpg</path>
	<source>
		<database>roboflow.com</database>
	</source>
	<size>
		<width>640</width>
		<height>640</height>
		<depth>3</depth>
	</size>
	<segmented>0</segmented>
	<object>
		<name>diver</name>
		<pose>Unspecified</pose>
		<truncated>0</truncated>
		<difficult>0</difficult>
		<occluded>0</occluded>
		<bndbox>
			<xmin>320</xmin>
			<xmax>453</xmax>
			<ymin>176</ymin>
			<ymax>294</ymax>
		</bndbox>
	</object>
	<object>
		<name>rope</name>
		<pose>Unspecified</pose>
		<truncated>0</truncated>
		<difficult>0</difficult>
		<occluded>0</occluded>
		<bndbox>
			<xmin>3</xmin>
			<xmax>498</xmax>
			<ymin>259</ymin>
			<ymax>474</ymax>
		</bndbox>
		<polygon>
			<x1>7.817778</x1>
			<y1>473.333333</y1>
			<x2>402.262222</x2>
			<y2>298.333333</y2>
			<x3>496.706667</x3>
			<y3>293.333333</y3>
			<x4>495.595556</x4>
			<y4>258.333333</y4>
			<x5>394.484444</x5>
			<y5>271.666667</y5>
			<x6>256.706667</x6>
			<y6>321.666667</y6>
			<x7>2.262222</x7>
			<y7>441.666667</y7>
			<x8>7.817778</x8>
			<y8>473.333333</y8>
		</polygon>
	</object>
</annotation>
