<annotation>
	<folder></folder>
	<filename>00401-3-_png.rf.ca0962ca37e14f0fddb6b6e26a4399f4.jpg</filename>
	<path>00401-3-_png.rf.ca0962ca37e14f0fddb6b6e26a4399f4.jpg</path>
	<source>
		<database>roboflow.com</database>
	</source>
	<size>
		<width>640</width>
		<height>640</height>
		<depth>3</depth>
	</size>
	<segmented>0</segmented>
	<object>
		<name>diver</name>
		<pose>Unspecified</pose>
		<truncated>0</truncated>
		<difficult>0</difficult>
		<occluded>0</occluded>
		<bndbox>
			<xmin>326</xmin>
			<xmax>448</xmax>
			<ymin>1</ymin>
			<ymax>121</ymax>
		</bndbox>
	</object>
	<object>
		<name>diver</name>
		<pose>Unspecified</pose>
		<truncated>0</truncated>
		<difficult>0</difficult>
		<occluded>0</occluded>
		<bndbox>
			<xmin>314</xmin>
			<xmax>534</xmax>
			<ymin>245</ymin>
			<ymax>358</ymax>
		</bndbox>
	</object>
	<object>
		<name>rope</name>
		<pose>Unspecified</pose>
		<truncated>0</truncated>
		<difficult>0</difficult>
		<occluded>0</occluded>
		<bndbox>
			<xmin>2</xmin>
			<xmax>641</xmax>
			<ymin>276</ymin>
			<ymax>352</ymax>
		</bndbox>
		<polygon>
			<x1>0.999985</x1>
			<y1>351.407409</y1>
			<x2>640</x2>
			<y2>306.082631</y2>
			<x3>637.0306</x3>
			<y3>275.286787</y3>
			<x4>2.469263</x4>
			<y4>320.296116</y4>
			<x5>0.999985</x5>
			<y5>351.407409</y5>
		</polygon>
	</object>
</annotation>
