<annotation>
	<folder></folder>
	<filename>00501-4-_png.rf.cfd7bdc0da9e01420d2305a62ada94fd.jpg</filename>
	<path>00501-4-_png.rf.cfd7bdc0da9e01420d2305a62ada94fd.jpg</path>
	<source>
		<database>roboflow.com</database>
	</source>
	<size>
		<width>640</width>
		<height>640</height>
		<depth>3</depth>
	</size>
	<segmented>0</segmented>
	<object>
		<name>diver</name>
		<pose>Unspecified</pose>
		<truncated>0</truncated>
		<difficult>0</difficult>
		<occluded>0</occluded>
		<bndbox>
			<xmin>292</xmin>
			<xmax>430</xmax>
			<ymin>266</ymin>
			<ymax>391</ymax>
		</bndbox>
	</object>
	<object>
		<name>rope</name>
		<pose>Unspecified</pose>
		<truncated>0</truncated>
		<difficult>0</difficult>
		<occluded>0</occluded>
		<bndbox>
			<xmin>13</xmin>
			<xmax>548</xmax>
			<ymin>286</ymin>
			<ymax>631</ymax>
		</bndbox>
		<polygon>
			<x1>27.777778</x1>
			<y1>630</y1>
			<x2>411.111111</x2>
			<y2>365</y2>
			<x3>546.666667</x3>
			<y3>308.333333</y3>
			<x4>528.888889</x4>
			<y4>285</y4>
			<x5>391.111111</x5>
			<y5>348.333333</y5>
			<x6>114.444444</x6>
			<y6>540</y6>
			<x7>12.222222</x7>
			<y7>616.666667</y7>
			<x8>27.777778</x8>
			<y8>630</y8>
		</polygon>
	</object>
	<object>
		<name>rope</name>
		<pose>Unspecified</pose>
		<truncated>0</truncated>
		<difficult>0</difficult>
		<occluded>0</occluded>
		<bndbox>
			<xmin>11</xmin>
			<xmax>405</xmax>
			<ymin>166</ymin>
			<ymax>231</ymax>
		</bndbox>
		<polygon>
			<x1>397.777778</x1>
			<y1>206.666667</y1>
			<x2>10</x2>
			<y2>165</y2>
			<x3>11.111111</x3>
			<y3>191.666667</y3>
			<x4>404.444444</x4>
			<y4>230</y4>
			<x5>397.777778</x5>
			<y5>206.666667</y5>
		</polygon>
	</object>
</annotation>
