<annotation>
	<folder></folder>
	<filename>00501_png.rf.6b0e4a9cdd5d39b55eca73b2858a5b00.jpg</filename>
	<path>00501_png.rf.6b0e4a9cdd5d39b55eca73b2858a5b00.jpg</path>
	<source>
		<database>roboflow.com</database>
	</source>
	<size>
		<width>640</width>
		<height>640</height>
		<depth>3</depth>
	</size>
	<segmented>0</segmented>
	<object>
		<name>diver</name>
		<pose>Unspecified</pose>
		<truncated>0</truncated>
		<difficult>0</difficult>
		<occluded>0</occluded>
		<bndbox>
			<xmin>372</xmin>
			<xmax>446</xmax>
			<ymin>281</ymin>
			<ymax>387</ymax>
		</bndbox>
	</object>
	<object>
		<name>rope</name>
		<pose>Unspecified</pose>
		<truncated>0</truncated>
		<difficult>0</difficult>
		<occluded>0</occluded>
		<bndbox>
			<xmin>5</xmin>
			<xmax>544</xmax>
			<ymin>356</ymin>
			<ymax>425</ymax>
		</bndbox>
		<polygon>
			<x1>537.457167</x1>
			<y1>354.918529</y1>
			<x2>4.123833</x2>
			<y2>390.212647</y2>
			<x3>5.7905</x3>
			<y3>424.036176</y3>
			<x4>543.2905</x4>
			<y4>371.095</y4>
			<x5>537.457167</x5>
			<y5>354.918529</y5>
		</polygon>
	</object>
</annotation>
