<annotation>
	<folder></folder>
	<filename>00601-2-_png.rf.406a94c8c73d6603eaacad422222a18c.jpg</filename>
	<path>00601-2-_png.rf.406a94c8c73d6603eaacad422222a18c.jpg</path>
	<source>
		<database>roboflow.com</database>
	</source>
	<size>
		<width>640</width>
		<height>640</height>
		<depth>3</depth>
	</size>
	<segmented>0</segmented>
	<object>
		<name>diver</name>
		<pose>Unspecified</pose>
		<truncated>0</truncated>
		<difficult>0</difficult>
		<occluded>0</occluded>
		<bndbox>
			<xmin>244</xmin>
			<xmax>370</xmax>
			<ymin>176</ymin>
			<ymax>304</ymax>
		</bndbox>
	</object>
	<object>
		<name>rope</name>
		<pose>Unspecified</pose>
		<truncated>0</truncated>
		<difficult>0</difficult>
		<occluded>0</occluded>
		<bndbox>
			<xmin>4</xmin>
			<xmax>521</xmax>
			<ymin>314</ymin>
			<ymax>370</ymax>
		</bndbox>
	</object>
</annotation>
