<annotation>
	<folder></folder>
	<filename>00601_png.rf.77bbb8936413874f6fde4fed936a7242.jpg</filename>
	<path>00601_png.rf.77bbb8936413874f6fde4fed936a7242.jpg</path>
	<source>
		<database>roboflow.com</database>
	</source>
	<size>
		<width>640</width>
		<height>640</height>
		<depth>3</depth>
	</size>
	<segmented>0</segmented>
	<object>
		<name>diver</name>
		<pose>Unspecified</pose>
		<truncated>0</truncated>
		<difficult>0</difficult>
		<occluded>0</occluded>
		<bndbox>
			<xmin>347</xmin>
			<xmax>440</xmax>
			<ymin>209</ymin>
			<ymax>340</ymax>
		</bndbox>
	</object>
	<object>
		<name>rope</name>
		<pose>Unspecified</pose>
		<truncated>0</truncated>
		<difficult>0</difficult>
		<occluded>0</occluded>
		<bndbox>
			<xmin>10</xmin>
			<xmax>559</xmax>
			<ymin>267</ymin>
			<ymax>472</ymax>
		</bndbox>
		<polygon>
			<x1>547.5</x1>
			<y1>266.176471</y1>
			<x2>9.166667</x2>
			<y2>438.235294</y2>
			<x3>10.833333</x3>
			<y3>470.588235</y3>
			<x4>557.5</x4>
			<y4>292.647059</y4>
			<x5>547.5</x5>
			<y5>266.176471</y5>
		</polygon>
	</object>
</annotation>
