<annotation>
	<folder></folder>
	<filename>00701-4-_png.rf.3b3ddbef4f2d6fb1ffa9c60b25829195.jpg</filename>
	<path>00701-4-_png.rf.3b3ddbef4f2d6fb1ffa9c60b25829195.jpg</path>
	<source>
		<database>roboflow.com</database>
	</source>
	<size>
		<width>640</width>
		<height>640</height>
		<depth>3</depth>
	</size>
	<segmented>0</segmented>
	<object>
		<name>diver</name>
		<pose>Unspecified</pose>
		<truncated>0</truncated>
		<difficult>0</difficult>
		<occluded>0</occluded>
		<bndbox>
			<xmin>223</xmin>
			<xmax>431</xmax>
			<ymin>215</ymin>
			<ymax>375</ymax>
		</bndbox>
	</object>
	<object>
		<name>rope</name>
		<pose>Unspecified</pose>
		<truncated>0</truncated>
		<difficult>0</difficult>
		<occluded>0</occluded>
		<bndbox>
			<xmin>7</xmin>
			<xmax>559</xmax>
			<ymin>314</ymin>
			<ymax>391</ymax>
		</bndbox>
		<polygon>
			<x1>366.666667</x1>
			<y1>363.333333</y1>
			<x2>557.777778</x2>
			<y2>345</y2>
			<x3>548.888889</x3>
			<y3>313.333333</y3>
			<x4>351.111111</x4>
			<y4>343.333333</y4>
			<x5>5.555556</x5>
			<y5>365</y5>
			<x6>5.555556</x6>
			<y6>390</y6>
			<x7>366.666667</x7>
			<y7>363.333333</y7>
		</polygon>
	</object>
</annotation>
