<annotation>
	<folder></folder>
	<filename>00701_png.rf.88c1493381a36e1b386f13434223653e.jpg</filename>
	<path>00701_png.rf.88c1493381a36e1b386f13434223653e.jpg</path>
	<source>
		<database>roboflow.com</database>
	</source>
	<size>
		<width>640</width>
		<height>640</height>
		<depth>3</depth>
	</size>
	<segmented>0</segmented>
	<object>
		<name>diver</name>
		<pose>Unspecified</pose>
		<truncated>0</truncated>
		<difficult>0</difficult>
		<occluded>0</occluded>
		<bndbox>
			<xmin>337</xmin>
			<xmax>465</xmax>
			<ymin>217</ymin>
			<ymax>316</ymax>
		</bndbox>
	</object>
	<object>
		<name>rope</name>
		<pose>Unspecified</pose>
		<truncated>0</truncated>
		<difficult>0</difficult>
		<occluded>0</occluded>
		<bndbox>
			<xmin>5</xmin>
			<xmax>602</xmax>
			<ymin>297</ymin>
			<ymax>411</ymax>
		</bndbox>
		<polygon>
			<x1>600.833333</x1>
			<y1>295.588235</y1>
			<x2>4.166667</x2>
			<y2>386.764706</y2>
			<x3>7.5</x3>
			<y3>410.294118</y3>
			<x4>600.833333</x4>
			<y4>316.176471</y4>
			<x5>600.833333</x5>
			<y5>295.588235</y5>
		</polygon>
	</object>
	<object>
		<name>rope</name>
		<pose>Unspecified</pose>
		<truncated>0</truncated>
		<difficult>0</difficult>
		<occluded>0</occluded>
		<bndbox>
			<xmin>149</xmin>
			<xmax>523</xmax>
			<ymin>398</ymin>
			<ymax>632</ymax>
		</bndbox>
		<polygon>
			<x1>147.5</x1>
			<y1>614.705882</y1>
			<x2>159.166667</x2>
			<y2>630.882353</y2>
			<x3>521.666667</x3>
			<y3>414.705882</y3>
			<x4>517.5</x4>
			<y4>397.058824</y4>
			<x5>147.5</x5>
			<y5>614.705882</y5>
		</polygon>
	</object>
</annotation>
