<annotation>
	<folder></folder>
	<filename>00801-4-_png.rf.39c17e875d347b9c7ce72564b2edfb38.jpg</filename>
	<path>00801-4-_png.rf.39c17e875d347b9c7ce72564b2edfb38.jpg</path>
	<source>
		<database>roboflow.com</database>
	</source>
	<size>
		<width>640</width>
		<height>640</height>
		<depth>3</depth>
	</size>
	<segmented>0</segmented>
	<object>
		<name>diver</name>
		<pose>Unspecified</pose>
		<truncated>0</truncated>
		<difficult>0</difficult>
		<occluded>0</occluded>
		<bndbox>
			<xmin>217</xmin>
			<xmax>405</xmax>
			<ymin>196</ymin>
			<ymax>404</ymax>
		</bndbox>
	</object>
	<object>
		<name>rope</name>
		<pose>Unspecified</pose>
		<truncated>0</truncated>
		<difficult>0</difficult>
		<occluded>0</occluded>
		<bndbox>
			<xmin>8</xmin>
			<xmax>571</xmax>
			<ymin>326</ymin>
			<ymax>414</ymax>
		</bndbox>
		<polygon>
			<x1>570</x1>
			<y1>413.333333</y1>
			<x2>563.333333</x2>
			<y2>373.333333</y2>
			<x3>8.888889</x3>
			<y3>325</y3>
			<x4>6.666667</x4>
			<y4>355</y4>
			<x5>390</x5>
			<y5>408.333333</y5>
			<x6>570</x6>
			<y6>413.333333</y6>
		</polygon>
	</object>
</annotation>
