<annotation>
	<folder></folder>
	<filename>00801-2-_png.rf.b157909caa3f153b71cba918abad69f9.jpg</filename>
	<path>00801-2-_png.rf.b157909caa3f153b71cba918abad69f9.jpg</path>
	<source>
		<database>roboflow.com</database>
	</source>
	<size>
		<width>640</width>
		<height>640</height>
		<depth>3</depth>
	</size>
	<segmented>0</segmented>
	<object>
		<name>diver</name>
		<pose>Unspecified</pose>
		<truncated>0</truncated>
		<difficult>0</difficult>
		<occluded>0</occluded>
		<bndbox>
			<xmin>243</xmin>
			<xmax>355</xmax>
			<ymin>307</ymin>
			<ymax>438</ymax>
		</bndbox>
	</object>
	<object>
		<name>rope</name>
		<pose>Unspecified</pose>
		<truncated>0</truncated>
		<difficult>0</difficult>
		<occluded>0</occluded>
		<bndbox>
			<xmin>286</xmin>
			<xmax>400</xmax>
			<ymin>150</ymin>
			<ymax>635</ymax>
		</bndbox>
		<polygon>
			<x1>377.5</x1>
			<y1>148.529412</y1>
			<x2>285</x2>
			<y2>633.823529</y2>
			<x3>307.5</x3>
			<y3>632.352941</y3>
			<x4>399.166667</x4>
			<y4>161.764706</y4>
			<x5>377.5</x5>
			<y5>148.529412</y5>
		</polygon>
	</object>
</annotation>
