<annotation>
	<folder></folder>
	<filename>00801_png.rf.93e2d0c7190d4628375517c7c68fbcf3.jpg</filename>
	<path>00801_png.rf.93e2d0c7190d4628375517c7c68fbcf3.jpg</path>
	<source>
		<database>roboflow.com</database>
	</source>
	<size>
		<width>640</width>
		<height>640</height>
		<depth>3</depth>
	</size>
	<segmented>0</segmented>
	<object>
		<name>diver</name>
		<pose>Unspecified</pose>
		<truncated>0</truncated>
		<difficult>0</difficult>
		<occluded>0</occluded>
		<bndbox>
			<xmin>253</xmin>
			<xmax>419</xmax>
			<ymin>189</ymin>
			<ymax>326</ymax>
		</bndbox>
	</object>
	<object>
		<name>rope</name>
		<pose>Unspecified</pose>
		<truncated>0</truncated>
		<difficult>0</difficult>
		<occluded>0</occluded>
		<bndbox>
			<xmin>1</xmin>
			<xmax>641</xmax>
			<ymin>272</ymin>
			<ymax>400</ymax>
		</bndbox>
		<polygon>
			<x1>633.333333</x1>
			<y1>270.588235</y1>
			<x2>0</x2>
			<y2>369.117647</y2>
			<x3>3.333333</x3>
			<y3>398.529412</y3>
			<x4>640</x4>
			<y4>291.176471</y4>
			<x5>633.333333</x5>
			<y5>270.588235</y5>
		</polygon>
	</object>
</annotation>
