<annotation>
	<folder></folder>
	<filename>00801-3-_png.rf.0d3caeca3f87ec00e475adfba8909d91.jpg</filename>
	<path>00801-3-_png.rf.0d3caeca3f87ec00e475adfba8909d91.jpg</path>
	<source>
		<database>roboflow.com</database>
	</source>
	<size>
		<width>640</width>
		<height>640</height>
		<depth>3</depth>
	</size>
	<segmented>0</segmented>
	<object>
		<name>diver</name>
		<pose>Unspecified</pose>
		<truncated>0</truncated>
		<difficult>0</difficult>
		<occluded>0</occluded>
		<bndbox>
			<xmin>51</xmin>
			<xmax>360</xmax>
			<ymin>207</ymin>
			<ymax>380</ymax>
		</bndbox>
	</object>
	<object>
		<name>rope</name>
		<pose>Unspecified</pose>
		<truncated>0</truncated>
		<difficult>0</difficult>
		<occluded>0</occluded>
		<bndbox>
			<xmin>6</xmin>
			<xmax>630</xmax>
			<ymin>264</ymin>
			<ymax>305</ymax>
		</bndbox>
	</object>
</annotation>
