<annotation>
	<folder></folder>
	<filename>00901-2-_png.rf.1946ac5aafeffc95fa4bcdd8e09c2cdb.jpg</filename>
	<path>00901-2-_png.rf.1946ac5aafeffc95fa4bcdd8e09c2cdb.jpg</path>
	<source>
		<database>roboflow.com</database>
	</source>
	<size>
		<width>640</width>
		<height>640</height>
		<depth>3</depth>
	</size>
	<segmented>0</segmented>
	<object>
		<name>diver</name>
		<pose>Unspecified</pose>
		<truncated>0</truncated>
		<difficult>0</difficult>
		<occluded>0</occluded>
		<bndbox>
			<xmin>229</xmin>
			<xmax>383</xmax>
			<ymin>250</ymin>
			<ymax>417</ymax>
		</bndbox>
	</object>
	<object>
		<name>rope</name>
		<pose>Unspecified</pose>
		<truncated>0</truncated>
		<difficult>0</difficult>
		<occluded>0</occluded>
		<bndbox>
			<xmin>120</xmin>
			<xmax>639</xmax>
			<ymin>95</ymin>
			<ymax>610</ymax>
		</bndbox>
		<polygon>
			<x1>630.064</x1>
			<y1>608.823529</y1>
			<x2>637.564</x2>
			<y2>579.411765</y2>
			<x3>336.666667</x3>
			<y3>311.764706</y3>
			<x4>160.833333</x4>
			<y4>94.117647</y4>
			<x5>119.230667</x5>
			<y5>110.294118</y5>
			<x6>315.064</x6>
			<y6>329.411765</y6>
			<x7>630.064</x7>
			<y7>608.823529</y7>
		</polygon>
	</object>
</annotation>
