<annotation>
	<folder></folder>
	<filename>00901-4-_png.rf.42321a3159f414d85d619b7dc2290a18.jpg</filename>
	<path>00901-4-_png.rf.42321a3159f414d85d619b7dc2290a18.jpg</path>
	<source>
		<database>roboflow.com</database>
	</source>
	<size>
		<width>640</width>
		<height>640</height>
		<depth>3</depth>
	</size>
	<segmented>0</segmented>
	<object>
		<name>diver</name>
		<pose>Unspecified</pose>
		<truncated>0</truncated>
		<difficult>0</difficult>
		<occluded>0</occluded>
		<bndbox>
			<xmin>172</xmin>
			<xmax>398</xmax>
			<ymin>168</ymin>
			<ymax>393</ymax>
		</bndbox>
	</object>
	<object>
		<name>rope</name>
		<pose>Unspecified</pose>
		<truncated>0</truncated>
		<difficult>0</difficult>
		<occluded>0</occluded>
		<bndbox>
			<xmin>8</xmin>
			<xmax>611</xmax>
			<ymin>253</ymin>
			<ymax>459</ymax>
		</bndbox>
		<polygon>
			<x1>610</x1>
			<y1>421.666667</y1>
			<x2>6.666667</x2>
			<y2>251.666667</y2>
			<x3>8.888889</x3>
			<y3>293.333333</y3>
			<x4>607.777778</x4>
			<y4>458.333333</y4>
			<x5>610</x5>
			<y5>421.666667</y5>
		</polygon>
	</object>
</annotation>
