<annotation>
	<folder></folder>
	<filename>00901-3-_png.rf.8ad88301bf23cc5566c1723286af51b1.jpg</filename>
	<path>00901-3-_png.rf.8ad88301bf23cc5566c1723286af51b1.jpg</path>
	<source>
		<database>roboflow.com</database>
	</source>
	<size>
		<width>640</width>
		<height>640</height>
		<depth>3</depth>
	</size>
	<segmented>0</segmented>
	<object>
		<name>diver</name>
		<pose>Unspecified</pose>
		<truncated>0</truncated>
		<difficult>0</difficult>
		<occluded>0</occluded>
		<bndbox>
			<xmin>38</xmin>
			<xmax>367</xmax>
			<ymin>266</ymin>
			<ymax>412</ymax>
		</bndbox>
	</object>
	<object>
		<name>rope</name>
		<pose>Unspecified</pose>
		<truncated>0</truncated>
		<difficult>0</difficult>
		<occluded>0</occluded>
		<bndbox>
			<xmin>6</xmin>
			<xmax>637</xmax>
			<ymin>317</ymin>
			<ymax>369</ymax>
		</bndbox>
	</object>
</annotation>
