<annotation>
	<folder></folder>
	<filename>00901_png.rf.bae8e6d2e13ac10abe51b2b1e5a31c76.jpg</filename>
	<path>00901_png.rf.bae8e6d2e13ac10abe51b2b1e5a31c76.jpg</path>
	<source>
		<database>roboflow.com</database>
	</source>
	<size>
		<width>640</width>
		<height>640</height>
		<depth>3</depth>
	</size>
	<segmented>0</segmented>
	<object>
		<name>diver</name>
		<pose>Unspecified</pose>
		<truncated>0</truncated>
		<difficult>0</difficult>
		<occluded>0</occluded>
		<bndbox>
			<xmin>121</xmin>
			<xmax>356</xmax>
			<ymin>116</ymin>
			<ymax>304</ymax>
		</bndbox>
	</object>
	<object>
		<name>rope</name>
		<pose>Unspecified</pose>
		<truncated>0</truncated>
		<difficult>0</difficult>
		<occluded>0</occluded>
		<bndbox>
			<xmin>4</xmin>
			<xmax>629</xmax>
			<ymin>197</ymin>
			<ymax>422</ymax>
		</bndbox>
		<polygon>
			<x1>626.666667</x1>
			<y1>195.588235</y1>
			<x2>3.333333</x2>
			<y2>389.705882</y2>
			<x3>9.166667</x3>
			<y3>420.588235</y3>
			<x4>627.5</x4>
			<y4>220.588235</y4>
			<x5>626.666667</x5>
			<y5>195.588235</y5>
		</polygon>
	</object>
</annotation>
