<annotation>
	<folder></folder>
	<filename>01001_png.rf.1718f8567dcf37f530035a5c1b8ae35e.jpg</filename>
	<path>01001_png.rf.1718f8567dcf37f530035a5c1b8ae35e.jpg</path>
	<source>
		<database>roboflow.com</database>
	</source>
	<size>
		<width>640</width>
		<height>640</height>
		<depth>3</depth>
	</size>
	<segmented>0</segmented>
	<object>
		<name>diver</name>
		<pose>Unspecified</pose>
		<truncated>0</truncated>
		<difficult>0</difficult>
		<occluded>0</occluded>
		<bndbox>
			<xmin>138</xmin>
			<xmax>387</xmax>
			<ymin>137</ymin>
			<ymax>375</ymax>
		</bndbox>
	</object>
	<object>
		<name>rope</name>
		<pose>Unspecified</pose>
		<truncated>0</truncated>
		<difficult>0</difficult>
		<occluded>0</occluded>
		<bndbox>
			<xmin>4</xmin>
			<xmax>640</xmax>
			<ymin>261</ymin>
			<ymax>495</ymax>
		</bndbox>
		<polygon>
			<x1>638.333333</x1>
			<y1>260.294118</y1>
			<x2>3.333333</x2>
			<y2>466.176471</y2>
			<x3>14.166667</x3>
			<y3>494.117647</y3>
			<x4>639.166667</x4>
			<y4>285.294118</y4>
			<x5>638.333333</x5>
			<y5>260.294118</y5>
		</polygon>
	</object>
</annotation>
