<annotation>
	<folder></folder>
	<filename>01001-2-_png.rf.f79caa891215191c2388694f5f41ad48.jpg</filename>
	<path>01001-2-_png.rf.f79caa891215191c2388694f5f41ad48.jpg</path>
	<source>
		<database>roboflow.com</database>
	</source>
	<size>
		<width>640</width>
		<height>640</height>
		<depth>3</depth>
	</size>
	<segmented>0</segmented>
	<object>
		<name>diver</name>
		<pose>Unspecified</pose>
		<truncated>0</truncated>
		<difficult>0</difficult>
		<occluded>0</occluded>
		<bndbox>
			<xmin>222</xmin>
			<xmax>435</xmax>
			<ymin>269</ymin>
			<ymax>392</ymax>
		</bndbox>
	</object>
	<object>
		<name>rope</name>
		<pose>Unspecified</pose>
		<truncated>0</truncated>
		<difficult>0</difficult>
		<occluded>0</occluded>
		<bndbox>
			<xmin>8</xmin>
			<xmax>636</xmax>
			<ymin>229</ymin>
			<ymax>302</ymax>
		</bndbox>
		<polygon>
			<x1>635</x1>
			<y1>275</y1>
			<x2>9.166667</x2>
			<y2>227.941176</y2>
			<x3>6.666667</x3>
			<y3>250</y3>
			<x4>634.166667</x4>
			<y4>301.470588</y4>
			<x5>635</x5>
			<y5>275</y5>
		</polygon>
	</object>
</annotation>
