<annotation>
	<folder></folder>
	<filename>01001-4-_png.rf.b8e7b42aa4bf14b003aace5f9da925b2.jpg</filename>
	<path>01001-4-_png.rf.b8e7b42aa4bf14b003aace5f9da925b2.jpg</path>
	<source>
		<database>roboflow.com</database>
	</source>
	<size>
		<width>640</width>
		<height>640</height>
		<depth>3</depth>
	</size>
	<segmented>0</segmented>
	<object>
		<name>diver</name>
		<pose>Unspecified</pose>
		<truncated>0</truncated>
		<difficult>0</difficult>
		<occluded>0</occluded>
		<bndbox>
			<xmin>150</xmin>
			<xmax>354</xmax>
			<ymin>191</ymin>
			<ymax>469</ymax>
		</bndbox>
	</object>
	<object>
		<name>rope</name>
		<pose>Unspecified</pose>
		<truncated>0</truncated>
		<difficult>0</difficult>
		<occluded>0</occluded>
		<bndbox>
			<xmin>7</xmin>
			<xmax>589</xmax>
			<ymin>344</ymin>
			<ymax>524</ymax>
		</bndbox>
		<polygon>
			<x1>587.777778</x1>
			<y1>483.333333</y1>
			<x2>7.777778</x2>
			<y2>343.333333</y2>
			<x3>5.555556</x3>
			<y3>371.666667</y3>
			<x4>582.222222</x4>
			<y4>523.333333</y4>
			<x5>587.777778</x5>
			<y5>483.333333</y5>
		</polygon>
	</object>
</annotation>
