<annotation>
	<folder></folder>
	<filename>01001-3-_png.rf.a5dbec3068199d20acf90600d6c421f5.jpg</filename>
	<path>01001-3-_png.rf.a5dbec3068199d20acf90600d6c421f5.jpg</path>
	<source>
		<database>roboflow.com</database>
	</source>
	<size>
		<width>640</width>
		<height>640</height>
		<depth>3</depth>
	</size>
	<segmented>0</segmented>
	<object>
		<name>diver</name>
		<pose>Unspecified</pose>
		<truncated>0</truncated>
		<difficult>0</difficult>
		<occluded>0</occluded>
		<bndbox>
			<xmin>31</xmin>
			<xmax>346</xmax>
			<ymin>224</ymin>
			<ymax>375</ymax>
		</bndbox>
	</object>
	<object>
		<name>rope</name>
		<pose>Unspecified</pose>
		<truncated>0</truncated>
		<difficult>0</difficult>
		<occluded>0</occluded>
		<bndbox>
			<xmin>1</xmin>
			<xmax>636</xmax>
			<ymin>287</ymin>
			<ymax>314</ymax>
		</bndbox>
	</object>
</annotation>
