<annotation>
	<folder></folder>
	<filename>01101-2-_png.rf.2872a74d52af4898f322081c6906ef33.jpg</filename>
	<path>01101-2-_png.rf.2872a74d52af4898f322081c6906ef33.jpg</path>
	<source>
		<database>roboflow.com</database>
	</source>
	<size>
		<width>640</width>
		<height>640</height>
		<depth>3</depth>
	</size>
	<segmented>0</segmented>
	<object>
		<name>diver</name>
		<pose>Unspecified</pose>
		<truncated>0</truncated>
		<difficult>0</difficult>
		<occluded>0</occluded>
		<bndbox>
			<xmin>101</xmin>
			<xmax>379</xmax>
			<ymin>263</ymin>
			<ymax>413</ymax>
		</bndbox>
	</object>
	<object>
		<name>rope</name>
		<pose>Unspecified</pose>
		<truncated>0</truncated>
		<difficult>0</difficult>
		<occluded>0</occluded>
		<bndbox>
			<xmin>4</xmin>
			<xmax>560</xmax>
			<ymin>133</ymin>
			<ymax>316</ymax>
		</bndbox>
		<polygon>
			<x1>548.333333</x1>
			<y1>272.058824</y1>
			<x2>2.5</x2>
			<y2>132.352941</y2>
			<x3>6.666667</x3>
			<y3>172.058824</y3>
			<x4>559.166667</x4>
			<y4>314.705882</y4>
			<x5>548.333333</x5>
			<y5>272.058824</y5>
		</polygon>
	</object>
</annotation>
