<annotation>
	<folder></folder>
	<filename>01101-3-_png.rf.c5c994c1d13901b71b79a1dec77eb097.jpg</filename>
	<path>01101-3-_png.rf.c5c994c1d13901b71b79a1dec77eb097.jpg</path>
	<source>
		<database>roboflow.com</database>
	</source>
	<size>
		<width>640</width>
		<height>640</height>
		<depth>3</depth>
	</size>
	<segmented>0</segmented>
	<object>
		<name>diver</name>
		<pose>Unspecified</pose>
		<truncated>0</truncated>
		<difficult>0</difficult>
		<occluded>0</occluded>
		<bndbox>
			<xmin>124</xmin>
			<xmax>462</xmax>
			<ymin>218</ymin>
			<ymax>358</ymax>
		</bndbox>
	</object>
	<object>
		<name>rope</name>
		<pose>Unspecified</pose>
		<truncated>0</truncated>
		<difficult>0</difficult>
		<occluded>0</occluded>
		<bndbox>
			<xmin>3</xmin>
			<xmax>639</xmax>
			<ymin>257</ymin>
			<ymax>346</ymax>
		</bndbox>
		<polygon>
			<x1>636</x1>
			<y1>314.666667</y1>
			<x2>2</x2>
			<y2>256</y2>
			<x3>5</x3>
			<y3>284.444444</y3>
			<x4>638</x4>
			<y4>344.888889</y4>
			<x5>636</x5>
			<y5>314.666667</y5>
		</polygon>
	</object>
</annotation>
