<annotation>
	<folder></folder>
	<filename>01101-4-_png.rf.49fc0f89f6d962774ff21e92bd9cefe0.jpg</filename>
	<path>01101-4-_png.rf.49fc0f89f6d962774ff21e92bd9cefe0.jpg</path>
	<source>
		<database>roboflow.com</database>
	</source>
	<size>
		<width>640</width>
		<height>640</height>
		<depth>3</depth>
	</size>
	<segmented>0</segmented>
	<object>
		<name>diver</name>
		<pose>Unspecified</pose>
		<truncated>0</truncated>
		<difficult>0</difficult>
		<occluded>0</occluded>
		<bndbox>
			<xmin>149</xmin>
			<xmax>368</xmax>
			<ymin>231</ymin>
			<ymax>366</ymax>
		</bndbox>
	</object>
	<object>
		<name>rope</name>
		<pose>Unspecified</pose>
		<truncated>0</truncated>
		<difficult>0</difficult>
		<occluded>0</occluded>
		<bndbox>
			<xmin>12</xmin>
			<xmax>627</xmax>
			<ymin>311</ymin>
			<ymax>428</ymax>
		</bndbox>
		<polygon>
			<x1>625.555556</x1>
			<y1>395</y1>
			<x2>12.222222</x2>
			<y2>310</y2>
			<x3>11.111111</x3>
			<y3>346.666667</y3>
			<x4>622.222222</x4>
			<y4>426.666667</y4>
			<x5>625.555556</x5>
			<y5>395</y5>
		</polygon>
	</object>
</annotation>
