<annotation>
	<folder></folder>
	<filename>01201-4-_png.rf.a1dc5292b0614554a3ef9ecd585c9a17.jpg</filename>
	<path>01201-4-_png.rf.a1dc5292b0614554a3ef9ecd585c9a17.jpg</path>
	<source>
		<database>roboflow.com</database>
	</source>
	<size>
		<width>640</width>
		<height>640</height>
		<depth>3</depth>
	</size>
	<segmented>0</segmented>
	<object>
		<name>diver</name>
		<pose>Unspecified</pose>
		<truncated>0</truncated>
		<difficult>0</difficult>
		<occluded>0</occluded>
		<bndbox>
			<xmin>170</xmin>
			<xmax>371</xmax>
			<ymin>133</ymin>
			<ymax>336</ymax>
		</bndbox>
	</object>
	<object>
		<name>rope</name>
		<pose>Unspecified</pose>
		<truncated>0</truncated>
		<difficult>0</difficult>
		<occluded>0</occluded>
		<bndbox>
			<xmin>7</xmin>
			<xmax>632</xmax>
			<ymin>134</ymin>
			<ymax>521</ymax>
		</bndbox>
		<polygon>
			<x1>631.111111</x1>
			<y1>486.666667</y1>
			<x2>10.640222</x2>
			<y2>133.333333</y2>
			<x3>6.195778</x3>
			<y3>176.666667</y3>
			<x4>627.306889</x4>
			<y4>520</y4>
			<x5>631.111111</x5>
			<y5>486.666667</y5>
		</polygon>
	</object>
</annotation>
