<annotation>
	<folder></folder>
	<filename>01201-3-_png.rf.dc2cd50a921ed3a4effe7c629dbce4b9.jpg</filename>
	<path>01201-3-_png.rf.dc2cd50a921ed3a4effe7c629dbce4b9.jpg</path>
	<source>
		<database>roboflow.com</database>
	</source>
	<size>
		<width>640</width>
		<height>640</height>
		<depth>3</depth>
	</size>
	<segmented>0</segmented>
	<object>
		<name>diver</name>
		<pose>Unspecified</pose>
		<truncated>0</truncated>
		<difficult>0</difficult>
		<occluded>0</occluded>
		<bndbox>
			<xmin>86</xmin>
			<xmax>390</xmax>
			<ymin>211</ymin>
			<ymax>390</ymax>
		</bndbox>
	</object>
	<object>
		<name>rope</name>
		<pose>Unspecified</pose>
		<truncated>0</truncated>
		<difficult>0</difficult>
		<occluded>0</occluded>
		<bndbox>
			<xmin>6</xmin>
			<xmax>638</xmax>
			<ymin>197</ymin>
			<ymax>362</ymax>
		</bndbox>
		<polygon>
			<x1>636</x1>
			<y1>334.222222</y1>
			<x2>6</x2>
			<y2>195.555556</y2>
			<x3>5</x3>
			<y3>211.555556</y3>
			<x4>637</x4>
			<y4>360.888889</y4>
			<x5>636</x5>
			<y5>334.222222</y5>
		</polygon>
	</object>
</annotation>
