<annotation>
	<folder></folder>
	<filename>01201-5-_png.rf.076f25f3d4da9a128f416fc3e22c8965.jpg</filename>
	<path>01201-5-_png.rf.076f25f3d4da9a128f416fc3e22c8965.jpg</path>
	<source>
		<database>roboflow.com</database>
	</source>
	<size>
		<width>640</width>
		<height>640</height>
		<depth>3</depth>
	</size>
	<segmented>0</segmented>
	<object>
		<name>diver</name>
		<pose>Unspecified</pose>
		<truncated>0</truncated>
		<difficult>0</difficult>
		<occluded>0</occluded>
		<bndbox>
			<xmin>321</xmin>
			<xmax>420</xmax>
			<ymin>174</ymin>
			<ymax>524</ymax>
		</bndbox>
	</object>
	<object>
		<name>rope</name>
		<pose>Unspecified</pose>
		<truncated>0</truncated>
		<difficult>0</difficult>
		<occluded>0</occluded>
		<bndbox>
			<xmin>330</xmin>
			<xmax>356</xmax>
			<ymin>10</ymin>
			<ymax>607</ymax>
		</bndbox>
	</object>
</annotation>
