<annotation>
	<folder></folder>
	<filename>01201_png.rf.a42cc9c906f59d25729ca9d8670c28e4.jpg</filename>
	<path>01201_png.rf.a42cc9c906f59d25729ca9d8670c28e4.jpg</path>
	<source>
		<database>roboflow.com</database>
	</source>
	<size>
		<width>640</width>
		<height>640</height>
		<depth>3</depth>
	</size>
	<segmented>0</segmented>
	<object>
		<name>rope</name>
		<pose>Unspecified</pose>
		<truncated>0</truncated>
		<difficult>0</difficult>
		<occluded>0</occluded>
		<bndbox>
			<xmin>292</xmin>
			<xmax>318</xmax>
			<ymin>14</ymin>
			<ymax>635</ymax>
		</bndbox>
	</object>
	<object>
		<name>diver</name>
		<pose>Unspecified</pose>
		<truncated>0</truncated>
		<difficult>0</difficult>
		<occluded>0</occluded>
		<bndbox>
			<xmin>169</xmin>
			<xmax>344</xmax>
			<ymin>285</ymin>
			<ymax>595</ymax>
		</bndbox>
	</object>
</annotation>
