<annotation>
	<folder></folder>
	<filename>01301-4-_png.rf.973f9ed7fd74e34955c8b59ba87d1060.jpg</filename>
	<path>01301-4-_png.rf.973f9ed7fd74e34955c8b59ba87d1060.jpg</path>
	<source>
		<database>roboflow.com</database>
	</source>
	<size>
		<width>640</width>
		<height>640</height>
		<depth>3</depth>
	</size>
	<segmented>0</segmented>
	<object>
		<name>diver</name>
		<pose>Unspecified</pose>
		<truncated>0</truncated>
		<difficult>0</difficult>
		<occluded>0</occluded>
		<bndbox>
			<xmin>182</xmin>
			<xmax>404</xmax>
			<ymin>195</ymin>
			<ymax>380</ymax>
		</bndbox>
	</object>
	<object>
		<name>rope</name>
		<pose>Unspecified</pose>
		<truncated>0</truncated>
		<difficult>0</difficult>
		<occluded>0</occluded>
		<bndbox>
			<xmin>8</xmin>
			<xmax>632</xmax>
			<ymin>251</ymin>
			<ymax>443</ymax>
		</bndbox>
		<polygon>
			<x1>631.111111</x1>
			<y1>390</y1>
			<x2>7.777778</x2>
			<y2>250</y2>
			<x3>6.666667</x3>
			<y3>291.666667</y3>
			<x4>626.666667</x4>
			<y4>441.666667</y4>
			<x5>631.111111</x5>
			<y5>390</y5>
		</polygon>
	</object>
</annotation>
