<annotation>
	<folder></folder>
	<filename>01301_png.rf.eb9010055f1afb4f097c3fe83104800a.jpg</filename>
	<path>01301_png.rf.eb9010055f1afb4f097c3fe83104800a.jpg</path>
	<source>
		<database>roboflow.com</database>
	</source>
	<size>
		<width>640</width>
		<height>640</height>
		<depth>3</depth>
	</size>
	<segmented>0</segmented>
	<object>
		<name>diver</name>
		<pose>Unspecified</pose>
		<truncated>0</truncated>
		<difficult>0</difficult>
		<occluded>0</occluded>
		<bndbox>
			<xmin>249</xmin>
			<xmax>459</xmax>
			<ymin>272</ymin>
			<ymax>395</ymax>
		</bndbox>
	</object>
	<object>
		<name>rope</name>
		<pose>Unspecified</pose>
		<truncated>0</truncated>
		<difficult>0</difficult>
		<occluded>0</occluded>
		<bndbox>
			<xmin>10</xmin>
			<xmax>634</xmax>
			<ymin>311</ymin>
			<ymax>395</ymax>
		</bndbox>
		<polygon>
			<x1>631.666667</x1>
			<y1>355.882353</y1>
			<x2>9.166667</x2>
			<y2>310.294118</y2>
			<x3>10</x3>
			<y3>336.764706</y3>
			<x4>632.5</x4>
			<y4>394.117647</y4>
			<x5>631.666667</x5>
			<y5>355.882353</y5>
		</polygon>
	</object>
</annotation>
