<annotation>
	<folder></folder>
	<filename>01301-5-_png.rf.de1251cc56e262c4c92af851c53347c7.jpg</filename>
	<path>01301-5-_png.rf.de1251cc56e262c4c92af851c53347c7.jpg</path>
	<source>
		<database>roboflow.com</database>
	</source>
	<size>
		<width>640</width>
		<height>640</height>
		<depth>3</depth>
	</size>
	<segmented>0</segmented>
	<object>
		<name>diver</name>
		<pose>Unspecified</pose>
		<truncated>0</truncated>
		<difficult>0</difficult>
		<occluded>0</occluded>
		<bndbox>
			<xmin>328</xmin>
			<xmax>410</xmax>
			<ymin>1</ymin>
			<ymax>396</ymax>
		</bndbox>
	</object>
	<object>
		<name>rope</name>
		<pose>Unspecified</pose>
		<truncated>0</truncated>
		<difficult>0</difficult>
		<occluded>0</occluded>
		<bndbox>
			<xmin>339</xmin>
			<xmax>367</xmax>
			<ymin>3</ymin>
			<ymax>623</ymax>
		</bndbox>
	</object>
</annotation>
