<annotation>
	<folder></folder>
	<filename>01401-2-_png.rf.0cda93fcfbea50d450fc009bb8c6a2ae.jpg</filename>
	<path>01401-2-_png.rf.0cda93fcfbea50d450fc009bb8c6a2ae.jpg</path>
	<source>
		<database>roboflow.com</database>
	</source>
	<size>
		<width>640</width>
		<height>640</height>
		<depth>3</depth>
	</size>
	<segmented>0</segmented>
	<object>
		<name>diver</name>
		<pose>Unspecified</pose>
		<truncated>0</truncated>
		<difficult>0</difficult>
		<occluded>0</occluded>
		<bndbox>
			<xmin>79</xmin>
			<xmax>415</xmax>
			<ymin>223</ymin>
			<ymax>429</ymax>
		</bndbox>
	</object>
	<object>
		<name>rope</name>
		<pose>Unspecified</pose>
		<truncated>0</truncated>
		<difficult>0</difficult>
		<occluded>0</occluded>
		<bndbox>
			<xmin>4</xmin>
			<xmax>586</xmax>
			<ymin>133</ymin>
			<ymax>360</ymax>
		</bndbox>
		<polygon>
			<x1>585</x1>
			<y1>319.117647</y1>
			<x2>3.333333</x2>
			<y2>132.352941</y2>
			<x3>3.333333</x3>
			<y3>170.588235</y3>
			<x4>581.666667</x4>
			<y4>358.823529</y4>
			<x5>585</x5>
			<y5>319.117647</y5>
		</polygon>
	</object>
</annotation>
