<annotation>
	<folder></folder>
	<filename>01401-5-_png.rf.8b30908553734cafd94be3097326cb52.jpg</filename>
	<path>01401-5-_png.rf.8b30908553734cafd94be3097326cb52.jpg</path>
	<source>
		<database>roboflow.com</database>
	</source>
	<size>
		<width>640</width>
		<height>640</height>
		<depth>3</depth>
	</size>
	<segmented>0</segmented>
	<object>
		<name>diver</name>
		<pose>Unspecified</pose>
		<truncated>0</truncated>
		<difficult>0</difficult>
		<occluded>0</occluded>
		<bndbox>
			<xmin>300</xmin>
			<xmax>387</xmax>
			<ymin>113</ymin>
			<ymax>513</ymax>
		</bndbox>
	</object>
	<object>
		<name>rope</name>
		<pose>Unspecified</pose>
		<truncated>0</truncated>
		<difficult>0</difficult>
		<occluded>0</occluded>
		<bndbox>
			<xmin>308</xmin>
			<xmax>326</xmax>
			<ymin>15</ymin>
			<ymax>609</ymax>
		</bndbox>
	</object>
</annotation>
