<annotation>
	<folder></folder>
	<filename>01401-4-_png.rf.9e7e74c5a4dc5b5506fad8feefe3559d.jpg</filename>
	<path>01401-4-_png.rf.9e7e74c5a4dc5b5506fad8feefe3559d.jpg</path>
	<source>
		<database>roboflow.com</database>
	</source>
	<size>
		<width>640</width>
		<height>640</height>
		<depth>3</depth>
	</size>
	<segmented>0</segmented>
	<object>
		<name>rope</name>
		<pose>Unspecified</pose>
		<truncated>0</truncated>
		<difficult>0</difficult>
		<occluded>0</occluded>
		<bndbox>
			<xmin>9</xmin>
			<xmax>635</xmax>
			<ymin>166</ymin>
			<ymax>504</ymax>
		</bndbox>
		<polygon>
			<x1>634.444444</x1>
			<y1>470</y1>
			<x2>15.555556</x2>
			<y2>165</y2>
			<x3>7.777778</x3>
			<y3>198.333333</y3>
			<x4>625.555556</x4>
			<y4>503.333333</y4>
			<x5>634.444444</x5>
			<y5>470</y5>
		</polygon>
	</object>
	<object>
		<name>diver</name>
		<pose>Unspecified</pose>
		<truncated>0</truncated>
		<difficult>0</difficult>
		<occluded>0</occluded>
		<bndbox>
			<xmin>189</xmin>
			<xmax>370</xmax>
			<ymin>126</ymin>
			<ymax>366</ymax>
		</bndbox>
	</object>
</annotation>
