<annotation>
	<folder></folder>
	<filename>01401-3-_png.rf.14ca6b9a0dbc9d0ae7ea3ea6437c9a20.jpg</filename>
	<path>01401-3-_png.rf.14ca6b9a0dbc9d0ae7ea3ea6437c9a20.jpg</path>
	<source>
		<database>roboflow.com</database>
	</source>
	<size>
		<width>640</width>
		<height>640</height>
		<depth>3</depth>
	</size>
	<segmented>0</segmented>
	<object>
		<name>diver</name>
		<pose>Unspecified</pose>
		<truncated>0</truncated>
		<difficult>0</difficult>
		<occluded>0</occluded>
		<bndbox>
			<xmin>164</xmin>
			<xmax>442</xmax>
			<ymin>220</ymin>
			<ymax>398</ymax>
		</bndbox>
	</object>
	<object>
		<name>rope</name>
		<pose>Unspecified</pose>
		<truncated>0</truncated>
		<difficult>0</difficult>
		<occluded>0</occluded>
		<bndbox>
			<xmin>7</xmin>
			<xmax>636</xmax>
			<ymin>259</ymin>
			<ymax>335</ymax>
		</bndbox>
		<polygon>
			<x1>634</x1>
			<y1>298.666667</y1>
			<x2>9</x2>
			<y2>257.777778</y2>
			<x3>6</x3>
			<y3>293.333333</y3>
			<x4>635</x4>
			<y4>334.222222</y4>
			<x5>634</x5>
			<y5>298.666667</y5>
		</polygon>
	</object>
</annotation>
