<annotation>
	<folder></folder>
	<filename>01401_png.rf.88f8bfda5297b726018486d069be7389.jpg</filename>
	<path>01401_png.rf.88f8bfda5297b726018486d069be7389.jpg</path>
	<source>
		<database>roboflow.com</database>
	</source>
	<size>
		<width>640</width>
		<height>640</height>
		<depth>3</depth>
	</size>
	<segmented>0</segmented>
	<object>
		<name>diver</name>
		<pose>Unspecified</pose>
		<truncated>0</truncated>
		<difficult>0</difficult>
		<occluded>0</occluded>
		<bndbox>
			<xmin>222</xmin>
			<xmax>491</xmax>
			<ymin>222</ymin>
			<ymax>454</ymax>
		</bndbox>
	</object>
	<object>
		<name>rope</name>
		<pose>Unspecified</pose>
		<truncated>0</truncated>
		<difficult>0</difficult>
		<occluded>0</occluded>
		<bndbox>
			<xmin>4</xmin>
			<xmax>639</xmax>
			<ymin>244</ymin>
			<ymax>373</ymax>
		</bndbox>
		<polygon>
			<x1>637.5</x1>
			<y1>242.647059</y1>
			<x2>2.5</x2>
			<y2>342.647059</y2>
			<x3>7.5</x3>
			<y3>372.058824</y3>
			<x4>635.833333</x4>
			<y4>263.235294</y4>
			<x5>637.5</x5>
			<y5>242.647059</y5>
		</polygon>
	</object>
</annotation>
