<annotation>
	<folder></folder>
	<filename>01501-5-_png.rf.09d07d6d5e600a772c9376bda5b98423.jpg</filename>
	<path>01501-5-_png.rf.09d07d6d5e600a772c9376bda5b98423.jpg</path>
	<source>
		<database>roboflow.com</database>
	</source>
	<size>
		<width>640</width>
		<height>640</height>
		<depth>3</depth>
	</size>
	<segmented>0</segmented>
	<object>
		<name>diver</name>
		<pose>Unspecified</pose>
		<truncated>0</truncated>
		<difficult>0</difficult>
		<occluded>0</occluded>
		<bndbox>
			<xmin>319</xmin>
			<xmax>405</xmax>
			<ymin>136</ymin>
			<ymax>524</ymax>
		</bndbox>
	</object>
	<object>
		<name>rope</name>
		<pose>Unspecified</pose>
		<truncated>0</truncated>
		<difficult>0</difficult>
		<occluded>0</occluded>
		<bndbox>
			<xmin>317</xmin>
			<xmax>344</xmax>
			<ymin>19</ymin>
			<ymax>614</ymax>
		</bndbox>
	</object>
</annotation>
