<annotation>
	<folder></folder>
	<filename>01501-3-_png.rf.0baba992179587319694724260c7c099.jpg</filename>
	<path>01501-3-_png.rf.0baba992179587319694724260c7c099.jpg</path>
	<source>
		<database>roboflow.com</database>
	</source>
	<size>
		<width>640</width>
		<height>640</height>
		<depth>3</depth>
	</size>
	<segmented>0</segmented>
	<object>
		<name>rope</name>
		<pose>Unspecified</pose>
		<truncated>0</truncated>
		<difficult>0</difficult>
		<occluded>0</occluded>
		<bndbox>
			<xmin>5</xmin>
			<xmax>639</xmax>
			<ymin>250</ymin>
			<ymax>364</ymax>
		</bndbox>
		<polygon>
			<x1>634</x1>
			<y1>328.888889</y1>
			<x2>4</x2>
			<y2>248.888889</y2>
			<x3>5</x3>
			<y3>280.888889</y3>
			<x4>638</x4>
			<y4>362.666667</y4>
			<x5>634</x5>
			<y5>328.888889</y5>
		</polygon>
	</object>
	<object>
		<name>diver</name>
		<pose>Unspecified</pose>
		<truncated>0</truncated>
		<difficult>0</difficult>
		<occluded>0</occluded>
		<bndbox>
			<xmin>197</xmin>
			<xmax>450</xmax>
			<ymin>248</ymin>
			<ymax>382</ymax>
		</bndbox>
	</object>
</annotation>
