<annotation>
	<folder></folder>
	<filename>01501-2-_png.rf.111425eea26eb108b84aa9c2ba65bf4f.jpg</filename>
	<path>01501-2-_png.rf.111425eea26eb108b84aa9c2ba65bf4f.jpg</path>
	<source>
		<database>roboflow.com</database>
	</source>
	<size>
		<width>640</width>
		<height>640</height>
		<depth>3</depth>
	</size>
	<segmented>0</segmented>
	<object>
		<name>diver</name>
		<pose>Unspecified</pose>
		<truncated>0</truncated>
		<difficult>0</difficult>
		<occluded>0</occluded>
		<bndbox>
			<xmin>1</xmin>
			<xmax>391</xmax>
			<ymin>273</ymin>
			<ymax>464</ymax>
		</bndbox>
	</object>
	<object>
		<name>rope</name>
		<pose>Unspecified</pose>
		<truncated>0</truncated>
		<difficult>0</difficult>
		<occluded>0</occluded>
		<bndbox>
			<xmin>7</xmin>
			<xmax>637</xmax>
			<ymin>148</ymin>
			<ymax>358</ymax>
		</bndbox>
		<polygon>
			<x1>631.666667</x1>
			<y1>332.352941</y1>
			<x2>9.7405</x2>
			<y2>147.058824</y2>
			<x3>5.573833</x3>
			<y3>177.941176</y3>
			<x4>636.026667</x4>
			<y4>357.352941</y4>
			<x5>631.666667</x5>
			<y5>332.352941</y5>
		</polygon>
	</object>
</annotation>
