<annotation>
	<folder></folder>
	<filename>01501_png.rf.d64a1a50c88707b4647612e943fdd216.jpg</filename>
	<path>01501_png.rf.d64a1a50c88707b4647612e943fdd216.jpg</path>
	<source>
		<database>roboflow.com</database>
	</source>
	<size>
		<width>640</width>
		<height>640</height>
		<depth>3</depth>
	</size>
	<segmented>0</segmented>
	<object>
		<name>diver</name>
		<pose>Unspecified</pose>
		<truncated>0</truncated>
		<difficult>0</difficult>
		<occluded>0</occluded>
		<bndbox>
			<xmin>100</xmin>
			<xmax>514</xmax>
			<ymin>232</ymin>
			<ymax>482</ymax>
		</bndbox>
	</object>
	<object>
		<name>diver</name>
		<pose>Unspecified</pose>
		<truncated>0</truncated>
		<difficult>0</difficult>
		<occluded>0</occluded>
		<bndbox>
			<xmin>9</xmin>
			<xmax>637</xmax>
			<ymin>195</ymin>
			<ymax>341</ymax>
		</bndbox>
		<polygon>
			<x1>633.333333</x1>
			<y1>310.294118</y1>
			<x2>7.5</x2>
			<y2>194.117647</y2>
			<x3>8.333333</x3>
			<y3>225</y3>
			<x4>635.833333</x4>
			<y4>339.705882</y4>
			<x5>633.333333</x5>
			<y5>310.294118</y5>
		</polygon>
	</object>
</annotation>
