<annotation>
	<folder></folder>
	<filename>01501-4-_png.rf.e68b0e951a658bb8709e52ded0a54fef.jpg</filename>
	<path>01501-4-_png.rf.e68b0e951a658bb8709e52ded0a54fef.jpg</path>
	<source>
		<database>roboflow.com</database>
	</source>
	<size>
		<width>640</width>
		<height>640</height>
		<depth>3</depth>
	</size>
	<segmented>0</segmented>
	<object>
		<name>diver</name>
		<pose>Unspecified</pose>
		<truncated>0</truncated>
		<difficult>0</difficult>
		<occluded>0</occluded>
		<bndbox>
			<xmin>148</xmin>
			<xmax>367</xmax>
			<ymin>156</ymin>
			<ymax>369</ymax>
		</bndbox>
	</object>
	<object>
		<name>rope</name>
		<pose>Unspecified</pose>
		<truncated>0</truncated>
		<difficult>0</difficult>
		<occluded>0</occluded>
		<bndbox>
			<xmin>12</xmin>
			<xmax>630</xmax>
			<ymin>63</ymin>
			<ymax>576</ymax>
		</bndbox>
		<polygon>
			<x1>628.888889</x1>
			<y1>538.333333</y1>
			<x2>14.444444</x2>
			<y2>61.666667</y2>
			<x3>11.111111</x3>
			<y3>88.333333</y3>
			<x4>628.888889</x4>
			<y4>575</y4>
			<x5>628.888889</x5>
			<y5>538.333333</y5>
		</polygon>
	</object>
</annotation>
