<annotation>
	<folder></folder>
	<filename>01601_png.rf.96d22d83a1cdd1e92e12f406602c8f3d.jpg</filename>
	<path>01601_png.rf.96d22d83a1cdd1e92e12f406602c8f3d.jpg</path>
	<source>
		<database>roboflow.com</database>
	</source>
	<size>
		<width>640</width>
		<height>640</height>
		<depth>3</depth>
	</size>
	<segmented>0</segmented>
	<object>
		<name>diver</name>
		<pose>Unspecified</pose>
		<truncated>0</truncated>
		<difficult>0</difficult>
		<occluded>0</occluded>
		<bndbox>
			<xmin>50</xmin>
			<xmax>455</xmax>
			<ymin>307</ymin>
			<ymax>527</ymax>
		</bndbox>
	</object>
	<object>
		<name>rope</name>
		<pose>Unspecified</pose>
		<truncated>0</truncated>
		<difficult>0</difficult>
		<occluded>0</occluded>
		<bndbox>
			<xmin>6</xmin>
			<xmax>641</xmax>
			<ymin>152</ymin>
			<ymax>591</ymax>
		</bndbox>
		<polygon>
			<x1>640</x1>
			<y1>573.529412</y1>
			<x2>634.166667</x2>
			<y2>569.117647</y2>
			<x3>6.666667</x3>
			<y3>151.470588</y3>
			<x4>5</x4>
			<y4>183.823529</y4>
			<x5>632.5</x5>
			<y5>589.705882</y5>
			<x6>640</x6>
			<y6>573.529412</y6>
		</polygon>
	</object>
</annotation>
