<annotation>
	<folder></folder>
	<filename>01601-4-_png.rf.38cf357c027bf8a92359caa769cbdec8.jpg</filename>
	<path>01601-4-_png.rf.38cf357c027bf8a92359caa769cbdec8.jpg</path>
	<source>
		<database>roboflow.com</database>
	</source>
	<size>
		<width>640</width>
		<height>640</height>
		<depth>3</depth>
	</size>
	<segmented>0</segmented>
	<object>
		<name>diver</name>
		<pose>Unspecified</pose>
		<truncated>0</truncated>
		<difficult>0</difficult>
		<occluded>0</occluded>
		<bndbox>
			<xmin>315</xmin>
			<xmax>409</xmax>
			<ymin>129</ymin>
			<ymax>506</ymax>
		</bndbox>
	</object>
	<object>
		<name>rope</name>
		<pose>Unspecified</pose>
		<truncated>0</truncated>
		<difficult>0</difficult>
		<occluded>0</occluded>
		<bndbox>
			<xmin>329</xmin>
			<xmax>341</xmax>
			<ymin>12</ymin>
			<ymax>636</ymax>
		</bndbox>
	</object>
</annotation>
