<annotation>
	<folder></folder>
	<filename>01601-3-_png.rf.d6527810a24c3aea9c9bd74006829b74.jpg</filename>
	<path>01601-3-_png.rf.d6527810a24c3aea9c9bd74006829b74.jpg</path>
	<source>
		<database>roboflow.com</database>
	</source>
	<size>
		<width>640</width>
		<height>640</height>
		<depth>3</depth>
	</size>
	<segmented>0</segmented>
	<object>
		<name>diver</name>
		<pose>Unspecified</pose>
		<truncated>0</truncated>
		<difficult>0</difficult>
		<occluded>0</occluded>
		<bndbox>
			<xmin>104</xmin>
			<xmax>331</xmax>
			<ymin>126</ymin>
			<ymax>344</ymax>
		</bndbox>
	</object>
	<object>
		<name>rope</name>
		<pose>Unspecified</pose>
		<truncated>0</truncated>
		<difficult>0</difficult>
		<occluded>0</occluded>
		<bndbox>
			<xmin>25</xmin>
			<xmax>629</xmax>
			<ymin>6</ymin>
			<ymax>556</ymax>
		</bndbox>
		<polygon>
			<x1>627.777778</x1>
			<y1>515</y1>
			<x2>41.111111</x2>
			<y2>5</y2>
			<x3>24.444444</x3>
			<y3>28.333333</y3>
			<x4>617.777778</x4>
			<y4>555</y4>
			<x5>627.777778</x5>
			<y5>515</y5>
		</polygon>
	</object>
</annotation>
