<annotation>
	<folder></folder>
	<filename>01601-2-_png.rf.f1ca143d4f4e1a4168ab473d785b2206.jpg</filename>
	<path>01601-2-_png.rf.f1ca143d4f4e1a4168ab473d785b2206.jpg</path>
	<source>
		<database>roboflow.com</database>
	</source>
	<size>
		<width>640</width>
		<height>640</height>
		<depth>3</depth>
	</size>
	<segmented>0</segmented>
	<object>
		<name>rope</name>
		<pose>Unspecified</pose>
		<truncated>0</truncated>
		<difficult>0</difficult>
		<occluded>0</occluded>
		<bndbox>
			<xmin>11</xmin>
			<xmax>639</xmax>
			<ymin>335</ymin>
			<ymax>421</ymax>
		</bndbox>
		<polygon>
			<x1>638</x1>
			<y1>368</y1>
			<x2>11</x2>
			<y2>334.222222</y2>
			<x3>10</x3>
			<y3>366.222222</y3>
			<x4>636</x4>
			<y4>419.555556</y4>
			<x5>638</x5>
			<y5>368</y5>
		</polygon>
	</object>
	<object>
		<name>diver</name>
		<pose>Unspecified</pose>
		<truncated>0</truncated>
		<difficult>0</difficult>
		<occluded>0</occluded>
		<bndbox>
			<xmin>190</xmin>
			<xmax>418</xmax>
			<ymin>261</ymin>
			<ymax>412</ymax>
		</bndbox>
	</object>
</annotation>
