<annotation>
	<folder></folder>
	<filename>01701-2-_png.rf.de56285edebdb918a12a3ed3b121788c.jpg</filename>
	<path>01701-2-_png.rf.de56285edebdb918a12a3ed3b121788c.jpg</path>
	<source>
		<database>roboflow.com</database>
	</source>
	<size>
		<width>640</width>
		<height>640</height>
		<depth>3</depth>
	</size>
	<segmented>0</segmented>
	<object>
		<name>rope</name>
		<pose>Unspecified</pose>
		<truncated>0</truncated>
		<difficult>0</difficult>
		<occluded>0</occluded>
		<bndbox>
			<xmin>9</xmin>
			<xmax>632</xmax>
			<ymin>335</ymin>
			<ymax>426</ymax>
		</bndbox>
		<polygon>
			<x1>629</x1>
			<y1>389.333333</y1>
			<x2>8</x2>
			<y2>334.222222</y2>
			<x3>12</x3>
			<y3>360.888889</y3>
			<x4>631</x4>
			<y4>424.888889</y4>
			<x5>629</x5>
			<y5>389.333333</y5>
		</polygon>
	</object>
	<object>
		<name>diver</name>
		<pose>Unspecified</pose>
		<truncated>0</truncated>
		<difficult>0</difficult>
		<occluded>0</occluded>
		<bndbox>
			<xmin>137</xmin>
			<xmax>416</xmax>
			<ymin>259</ymin>
			<ymax>431</ymax>
		</bndbox>
	</object>
</annotation>
