<annotation>
	<folder></folder>
	<filename>01701_png.rf.053ade3e3883603cb02bfe5ebf4d7360.jpg</filename>
	<path>01701_png.rf.053ade3e3883603cb02bfe5ebf4d7360.jpg</path>
	<source>
		<database>roboflow.com</database>
	</source>
	<size>
		<width>640</width>
		<height>640</height>
		<depth>3</depth>
	</size>
	<segmented>0</segmented>
	<object>
		<name>diver</name>
		<pose>Unspecified</pose>
		<truncated>0</truncated>
		<difficult>0</difficult>
		<occluded>0</occluded>
		<bndbox>
			<xmin>159</xmin>
			<xmax>418</xmax>
			<ymin>159</ymin>
			<ymax>475</ymax>
		</bndbox>
	</object>
	<object>
		<name>rope</name>
		<pose>Unspecified</pose>
		<truncated>0</truncated>
		<difficult>0</difficult>
		<occluded>0</occluded>
		<bndbox>
			<xmin>6</xmin>
			<xmax>621</xmax>
			<ymin>226</ymin>
			<ymax>352</ymax>
		</bndbox>
		<polygon>
			<x1>620</x1>
			<y1>319.117647</y1>
			<x2>5</x2>
			<y2>225</y2>
			<x3>5</x3>
			<y3>269.117647</y3>
			<x4>620</x4>
			<y4>351.470588</y4>
			<x5>620</x5>
			<y5>319.117647</y5>
		</polygon>
	</object>
</annotation>
