<annotation>
	<folder></folder>
	<filename>01701-3-_png.rf.3b3ce4eee94f6e1d361503c31dd3821f.jpg</filename>
	<path>01701-3-_png.rf.3b3ce4eee94f6e1d361503c31dd3821f.jpg</path>
	<source>
		<database>roboflow.com</database>
	</source>
	<size>
		<width>640</width>
		<height>640</height>
		<depth>3</depth>
	</size>
	<segmented>0</segmented>
	<object>
		<name>diver</name>
		<pose>Unspecified</pose>
		<truncated>0</truncated>
		<difficult>0</difficult>
		<occluded>0</occluded>
		<bndbox>
			<xmin>50</xmin>
			<xmax>329</xmax>
			<ymin>245</ymin>
			<ymax>380</ymax>
		</bndbox>
	</object>
	<object>
		<name>rope</name>
		<pose>Unspecified</pose>
		<truncated>0</truncated>
		<difficult>0</difficult>
		<occluded>0</occluded>
		<bndbox>
			<xmin>8</xmin>
			<xmax>640</xmax>
			<ymin>59</ymin>
			<ymax>538</ymax>
		</bndbox>
		<polygon>
			<x1>638.888889</x1>
			<y1>488.333333</y1>
			<x2>14.444444</x2>
			<y2>58.333333</y2>
			<x3>6.666667</x3>
			<y3>88.333333</y3>
			<x4>627.777778</x4>
			<y4>536.666667</y4>
			<x5>638.888889</x5>
			<y5>488.333333</y5>
		</polygon>
	</object>
</annotation>
