<annotation>
	<folder></folder>
	<filename>01801_png.rf.f3ac2c2c03bdc4c91404e30f448ac4cc.jpg</filename>
	<path>01801_png.rf.f3ac2c2c03bdc4c91404e30f448ac4cc.jpg</path>
	<source>
		<database>roboflow.com</database>
	</source>
	<size>
		<width>640</width>
		<height>640</height>
		<depth>3</depth>
	</size>
	<segmented>0</segmented>
	<object>
		<name>diver</name>
		<pose>Unspecified</pose>
		<truncated>0</truncated>
		<difficult>0</difficult>
		<occluded>0</occluded>
		<bndbox>
			<xmin>231</xmin>
			<xmax>503</xmax>
			<ymin>281</ymin>
			<ymax>444</ymax>
		</bndbox>
	</object>
	<object>
		<name>rope</name>
		<pose>Unspecified</pose>
		<truncated>0</truncated>
		<difficult>0</difficult>
		<occluded>0</occluded>
		<bndbox>
			<xmin>9</xmin>
			<xmax>615</xmax>
			<ymin>245</ymin>
			<ymax>360</ymax>
		</bndbox>
		<polygon>
			<x1>614.166667</x1>
			<y1>322.058824</y1>
			<x2>10.833333</x2>
			<y2>244.117647</y2>
			<x3>7.5</x3>
			<y3>275</y3>
			<x4>610</x4>
			<y4>358.823529</y4>
			<x5>614.166667</x5>
			<y5>322.058824</y5>
		</polygon>
	</object>
</annotation>
