<annotation>
	<folder></folder>
	<filename>01801-2-_png.rf.fb47d44e9565d83bf630c9674f440bdc.jpg</filename>
	<path>01801-2-_png.rf.fb47d44e9565d83bf630c9674f440bdc.jpg</path>
	<source>
		<database>roboflow.com</database>
	</source>
	<size>
		<width>640</width>
		<height>640</height>
		<depth>3</depth>
	</size>
	<segmented>0</segmented>
	<object>
		<name>rope</name>
		<pose>Unspecified</pose>
		<truncated>0</truncated>
		<difficult>0</difficult>
		<occluded>0</occluded>
		<bndbox>
			<xmin>1</xmin>
			<xmax>508</xmax>
			<ymin>305</ymin>
			<ymax>500</ymax>
		</bndbox>
		<polygon>
			<x1>503.333333</x1>
			<y1>304.411765</y1>
			<x2>0</x2>
			<y2>466.176471</y2>
			<x3>5</x3>
			<y3>498.529412</y3>
			<x4>506.666667</x4>
			<y4>342.647059</y4>
			<x5>503.333333</x5>
			<y5>304.411765</y5>
		</polygon>
	</object>
	<object>
		<name>diver</name>
		<pose>Unspecified</pose>
		<truncated>0</truncated>
		<difficult>0</difficult>
		<occluded>0</occluded>
		<bndbox>
			<xmin>331</xmin>
			<xmax>434</xmax>
			<ymin>283</ymin>
			<ymax>382</ymax>
		</bndbox>
	</object>
</annotation>
