<annotation>
	<folder></folder>
	<filename>01801-4-_png.rf.4f31c1de6beb0c7cd2b598c0c54f9744.jpg</filename>
	<path>01801-4-_png.rf.4f31c1de6beb0c7cd2b598c0c54f9744.jpg</path>
	<source>
		<database>roboflow.com</database>
	</source>
	<size>
		<width>640</width>
		<height>640</height>
		<depth>3</depth>
	</size>
	<segmented>0</segmented>
	<object>
		<name>diver</name>
		<pose>Unspecified</pose>
		<truncated>0</truncated>
		<difficult>0</difficult>
		<occluded>0</occluded>
		<bndbox>
			<xmin>303</xmin>
			<xmax>471</xmax>
			<ymin>1</ymin>
			<ymax>414</ymax>
		</bndbox>
	</object>
	<object>
		<name>rope</name>
		<pose>Unspecified</pose>
		<truncated>0</truncated>
		<difficult>0</difficult>
		<occluded>0</occluded>
		<bndbox>
			<xmin>418</xmin>
			<xmax>491</xmax>
			<ymin>1</ymin>
			<ymax>641</ymax>
		</bndbox>
		<polygon>
			<x1>451.111111</x1>
			<y1>640</y1>
			<x2>490</x2>
			<y2>0</y2>
			<x3>461.111111</x3>
			<y3>5</y3>
			<x4>416.666667</x4>
			<y4>640</y4>
			<x5>451.111111</x5>
			<y5>640</y5>
		</polygon>
	</object>
	<object>
		<name>rope</name>
		<pose>Unspecified</pose>
		<truncated>0</truncated>
		<difficult>0</difficult>
		<occluded>0</occluded>
		<bndbox>
			<xmin>501</xmin>
			<xmax>588</xmax>
			<ymin>3</ymin>
			<ymax>636</ymax>
		</bndbox>
		<polygon>
			<x1>586.666667</x1>
			<y1>5</y1>
			<x2>560</x2>
			<y2>1.666667</y2>
			<x3>500</x3>
			<y3>635</y3>
			<x4>522.222222</x4>
			<y4>635</y4>
			<x5>586.666667</x5>
			<y5>5</y5>
		</polygon>
	</object>
</annotation>
