<annotation>
	<folder></folder>
	<filename>01901-4-_png.rf.b034c3c24df2a2db98247d9166183c27.jpg</filename>
	<path>01901-4-_png.rf.b034c3c24df2a2db98247d9166183c27.jpg</path>
	<source>
		<database>roboflow.com</database>
	</source>
	<size>
		<width>640</width>
		<height>640</height>
		<depth>3</depth>
	</size>
	<segmented>0</segmented>
	<object>
		<name>diver</name>
		<pose>Unspecified</pose>
		<truncated>0</truncated>
		<difficult>0</difficult>
		<occluded>0</occluded>
		<bndbox>
			<xmin>141</xmin>
			<xmax>481</xmax>
			<ymin>290</ymin>
			<ymax>535</ymax>
		</bndbox>
	</object>
	<object>
		<name>rope</name>
		<pose>Unspecified</pose>
		<truncated>0</truncated>
		<difficult>0</difficult>
		<occluded>0</occluded>
		<bndbox>
			<xmin>5</xmin>
			<xmax>641</xmax>
			<ymin>369</ymin>
			<ymax>603</ymax>
		</bndbox>
		<polygon>
			<x1>350</x1>
			<y1>476.666667</y1>
			<x2>640</x2>
			<y2>405</y2>
			<x3>635.555556</x3>
			<y3>368.333333</y3>
			<x4>284.444444</x4>
			<y4>455</y4>
			<x5>4.444444</x5>
			<y5>573.333333</y5>
			<x6>15.555556</x6>
			<y6>601.666667</y6>
			<x7>350</x7>
			<y7>476.666667</y7>
		</polygon>
	</object>
</annotation>
