<annotation>
	<folder></folder>
	<filename>01901-3-_png.rf.5c41451b96319d7d1fbc579f4bb0d012.jpg</filename>
	<path>01901-3-_png.rf.5c41451b96319d7d1fbc579f4bb0d012.jpg</path>
	<source>
		<database>roboflow.com</database>
	</source>
	<size>
		<width>640</width>
		<height>640</height>
		<depth>3</depth>
	</size>
	<segmented>0</segmented>
	<object>
		<name>diver</name>
		<pose>Unspecified</pose>
		<truncated>0</truncated>
		<difficult>0</difficult>
		<occluded>0</occluded>
		<bndbox>
			<xmin>64</xmin>
			<xmax>366</xmax>
			<ymin>218</ymin>
			<ymax>385</ymax>
		</bndbox>
	</object>
	<object>
		<name>rope</name>
		<pose>Unspecified</pose>
		<truncated>0</truncated>
		<difficult>0</difficult>
		<occluded>0</occluded>
		<bndbox>
			<xmin>2</xmin>
			<xmax>634</xmax>
			<ymin>303</ymin>
			<ymax>373</ymax>
		</bndbox>
		<polygon>
			<x1>633</x1>
			<y1>325.333333</y1>
			<x2>1</x2>
			<y2>302.222222</y2>
			<x3>3</x3>
			<y3>339.555556</y3>
			<x4>631</x4>
			<y4>371.555556</y4>
			<x5>633</x5>
			<y5>325.333333</y5>
		</polygon>
	</object>
</annotation>
