<annotation>
	<folder></folder>
	<filename>01901_png.rf.35fbc8451837111fb4a7b1c0443290c6.jpg</filename>
	<path>01901_png.rf.35fbc8451837111fb4a7b1c0443290c6.jpg</path>
	<source>
		<database>roboflow.com</database>
	</source>
	<size>
		<width>640</width>
		<height>640</height>
		<depth>3</depth>
	</size>
	<segmented>0</segmented>
	<object>
		<name>diver</name>
		<pose>Unspecified</pose>
		<truncated>0</truncated>
		<difficult>0</difficult>
		<occluded>0</occluded>
		<bndbox>
			<xmin>128</xmin>
			<xmax>398</xmax>
			<ymin>290</ymin>
			<ymax>481</ymax>
		</bndbox>
	</object>
	<object>
		<name>rope</name>
		<pose>Unspecified</pose>
		<truncated>0</truncated>
		<difficult>0</difficult>
		<occluded>0</occluded>
		<bndbox>
			<xmin>2</xmin>
			<xmax>634</xmax>
			<ymin>322</ymin>
			<ymax>405</ymax>
		</bndbox>
		<polygon>
			<x1>632.5</x1>
			<y1>366.176471</y1>
			<x2>0.833333</x2>
			<y2>320.588235</y2>
			<x3>5</x3>
			<y3>348.529412</y3>
			<x4>630.833333</x4>
			<y4>404.411765</y4>
			<x5>632.5</x5>
			<y5>366.176471</y5>
		</polygon>
	</object>
</annotation>
