<annotation>
	<folder></folder>
	<filename>01901-2-_png.rf.58d26649f0d32941a071147327443bd0.jpg</filename>
	<path>01901-2-_png.rf.58d26649f0d32941a071147327443bd0.jpg</path>
	<source>
		<database>roboflow.com</database>
	</source>
	<size>
		<width>640</width>
		<height>640</height>
		<depth>3</depth>
	</size>
	<segmented>0</segmented>
	<object>
		<name>diver</name>
		<pose>Unspecified</pose>
		<truncated>0</truncated>
		<difficult>0</difficult>
		<occluded>0</occluded>
		<bndbox>
			<xmin>277</xmin>
			<xmax>420</xmax>
			<ymin>258</ymin>
			<ymax>413</ymax>
		</bndbox>
	</object>
	<object>
		<name>rope</name>
		<pose>Unspecified</pose>
		<truncated>0</truncated>
		<difficult>0</difficult>
		<occluded>0</occluded>
		<bndbox>
			<xmin>1</xmin>
			<xmax>502</xmax>
			<ymin>332</ymin>
			<ymax>416</ymax>
		</bndbox>
		<polygon>
			<x1>500.833333</x1>
			<y1>360.294118</y1>
			<x2>0</x2>
			<y2>330.882353</y2>
			<x3>4.166667</x3>
			<y3>370.588235</y3>
			<x4>498.333333</x4>
			<y4>414.705882</y4>
			<x5>500.833333</x5>
			<y5>360.294118</y5>
		</polygon>
	</object>
</annotation>
