<annotation>
	<folder></folder>
	<filename>01901-5-_png.rf.5e30a750b009cc33739e0613992eed15.jpg</filename>
	<path>01901-5-_png.rf.5e30a750b009cc33739e0613992eed15.jpg</path>
	<source>
		<database>roboflow.com</database>
	</source>
	<size>
		<width>640</width>
		<height>640</height>
		<depth>3</depth>
	</size>
	<segmented>0</segmented>
	<object>
		<name>diver</name>
		<pose>Unspecified</pose>
		<truncated>0</truncated>
		<difficult>0</difficult>
		<occluded>0</occluded>
		<bndbox>
			<xmin>248</xmin>
			<xmax>372</xmax>
			<ymin>23</ymin>
			<ymax>480</ymax>
		</bndbox>
	</object>
	<object>
		<name>rope</name>
		<pose>Unspecified</pose>
		<truncated>0</truncated>
		<difficult>0</difficult>
		<occluded>0</occluded>
		<bndbox>
			<xmin>271</xmin>
			<xmax>304</xmax>
			<ymin>1</ymin>
			<ymax>629</ymax>
		</bndbox>
	</object>
</annotation>
