<annotation>
	<folder></folder>
	<filename>02001-3-_png.rf.60f324252cb14c9279253b3ca013fb20.jpg</filename>
	<path>02001-3-_png.rf.60f324252cb14c9279253b3ca013fb20.jpg</path>
	<source>
		<database>roboflow.com</database>
	</source>
	<size>
		<width>640</width>
		<height>640</height>
		<depth>3</depth>
	</size>
	<segmented>0</segmented>
	<object>
		<name>diver</name>
		<pose>Unspecified</pose>
		<truncated>0</truncated>
		<difficult>0</difficult>
		<occluded>0</occluded>
		<bndbox>
			<xmin>156</xmin>
			<xmax>334</xmax>
			<ymin>163</ymin>
			<ymax>374</ymax>
		</bndbox>
	</object>
	<object>
		<name>rope</name>
		<pose>Unspecified</pose>
		<truncated>0</truncated>
		<difficult>0</difficult>
		<occluded>0</occluded>
		<bndbox>
			<xmin>1</xmin>
			<xmax>552</xmax>
			<ymin>221</ymin>
			<ymax>406</ymax>
		</bndbox>
		<polygon>
			<x1>551</x1>
			<y1>350.222222</y1>
			<x2>0</x2>
			<y2>220.444444</y2>
			<x3>1</x3>
			<y3>256</y3>
			<x4>551</x4>
			<y4>405.333333</y4>
			<x5>551</x5>
			<y5>350.222222</y5>
		</polygon>
	</object>
</annotation>
