<annotation>
	<folder></folder>
	<filename>02001-4-_png.rf.76f7e006dd3bdb962cfb5394ff7d48ee.jpg</filename>
	<path>02001-4-_png.rf.76f7e006dd3bdb962cfb5394ff7d48ee.jpg</path>
	<source>
		<database>roboflow.com</database>
	</source>
	<size>
		<width>640</width>
		<height>640</height>
		<depth>3</depth>
	</size>
	<segmented>0</segmented>
	<object>
		<name>diver</name>
		<pose>Unspecified</pose>
		<truncated>0</truncated>
		<difficult>0</difficult>
		<occluded>0</occluded>
		<bndbox>
			<xmin>173</xmin>
			<xmax>482</xmax>
			<ymin>251</ymin>
			<ymax>444</ymax>
		</bndbox>
	</object>
	<object>
		<name>rope</name>
		<pose>Unspecified</pose>
		<truncated>0</truncated>
		<difficult>0</difficult>
		<occluded>0</occluded>
		<bndbox>
			<xmin>9</xmin>
			<xmax>639</xmax>
			<ymin>278</ymin>
			<ymax>478</ymax>
		</bndbox>
		<polygon>
			<x1>627.777778</x1>
			<y1>436.666667</y1>
			<x2>7.777778</x2>
			<y2>276.666667</y2>
			<x3>7.777778</x3>
			<y3>316.666667</y3>
			<x4>637.777778</x4>
			<y4>476.666667</y4>
			<x5>627.777778</x5>
			<y5>436.666667</y5>
		</polygon>
	</object>
</annotation>
