<annotation>
	<folder></folder>
	<filename>02001-2-_png.rf.67bb66f4d12a033a8977386bfa901a16.jpg</filename>
	<path>02001-2-_png.rf.67bb66f4d12a033a8977386bfa901a16.jpg</path>
	<source>
		<database>roboflow.com</database>
	</source>
	<size>
		<width>640</width>
		<height>640</height>
		<depth>3</depth>
	</size>
	<segmented>0</segmented>
	<object>
		<name>rope</name>
		<pose>Unspecified</pose>
		<truncated>0</truncated>
		<difficult>0</difficult>
		<occluded>0</occluded>
		<bndbox>
			<xmin>336</xmin>
			<xmax>385</xmax>
			<ymin>116</ymin>
			<ymax>641</ymax>
		</bndbox>
		<polygon>
			<x1>384.166667</x1>
			<y1>640</y1>
			<x2>382.5</x2>
			<y2>114.705882</y2>
			<x3>335</x3>
			<y3>114.705882</y3>
			<x4>360</x4>
			<y4>640</y4>
			<x5>384.166667</x5>
			<y5>640</y5>
		</polygon>
	</object>
	<object>
		<name>diver</name>
		<pose>Unspecified</pose>
		<truncated>0</truncated>
		<difficult>0</difficult>
		<occluded>0</occluded>
		<bndbox>
			<xmin>259</xmin>
			<xmax>395</xmax>
			<ymin>308</ymin>
			<ymax>566</ymax>
		</bndbox>
	</object>
</annotation>
