<annotation>
	<folder></folder>
	<filename>02101_png.rf.0ddb1515e8c5ac1335ee00503192c9e5.jpg</filename>
	<path>02101_png.rf.0ddb1515e8c5ac1335ee00503192c9e5.jpg</path>
	<source>
		<database>roboflow.com</database>
	</source>
	<size>
		<width>640</width>
		<height>640</height>
		<depth>3</depth>
	</size>
	<segmented>0</segmented>
	<object>
		<name>diver</name>
		<pose>Unspecified</pose>
		<truncated>0</truncated>
		<difficult>0</difficult>
		<occluded>0</occluded>
		<bndbox>
			<xmin>188</xmin>
			<xmax>464</xmax>
			<ymin>300</ymin>
			<ymax>476</ymax>
		</bndbox>
	</object>
	<object>
		<name>rope</name>
		<pose>Unspecified</pose>
		<truncated>0</truncated>
		<difficult>0</difficult>
		<occluded>0</occluded>
		<bndbox>
			<xmin>5</xmin>
			<xmax>637</xmax>
			<ymin>208</ymin>
			<ymax>441</ymax>
		</bndbox>
		<polygon>
			<x1>631.666667</x1>
			<y1>402.941176</y1>
			<x2>3.764667</x2>
			<y2>207.352941</y2>
			<x3>4.598</x3>
			<y3>247.058824</y3>
			<x4>635.896333</x4>
			<y4>439.705882</y4>
			<x5>631.666667</x5>
			<y5>402.941176</y5>
		</polygon>
	</object>
</annotation>
