<annotation>
	<folder></folder>
	<filename>02101-3-_png.rf.9b58849ad8946ce538d9ab8c13c65ed2.jpg</filename>
	<path>02101-3-_png.rf.9b58849ad8946ce538d9ab8c13c65ed2.jpg</path>
	<source>
		<database>roboflow.com</database>
	</source>
	<size>
		<width>640</width>
		<height>640</height>
		<depth>3</depth>
	</size>
	<segmented>0</segmented>
	<object>
		<name>diver</name>
		<pose>Unspecified</pose>
		<truncated>0</truncated>
		<difficult>0</difficult>
		<occluded>0</occluded>
		<bndbox>
			<xmin>269</xmin>
			<xmax>430</xmax>
			<ymin>369</ymin>
			<ymax>641</ymax>
		</bndbox>
	</object>
	<object>
		<name>rope</name>
		<pose>Unspecified</pose>
		<truncated>0</truncated>
		<difficult>0</difficult>
		<occluded>0</occluded>
		<bndbox>
			<xmin>233</xmin>
			<xmax>423</xmax>
			<ymin>12</ymin>
			<ymax>641</ymax>
		</bndbox>
		<polygon>
			<x1>422</x1>
			<y1>640</y1>
			<x2>263</x2>
			<y2>14.222222</y2>
			<x3>232</x3>
			<y3>10.666667</y3>
			<x4>393</x4>
			<y4>640</y4>
			<x5>422</x5>
			<y5>640</y5>
		</polygon>
	</object>
</annotation>
