<annotation>
	<folder></folder>
	<filename>02101-4-_png.rf.0423f65a58478ca2f967f34e857a297b.jpg</filename>
	<path>02101-4-_png.rf.0423f65a58478ca2f967f34e857a297b.jpg</path>
	<source>
		<database>roboflow.com</database>
	</source>
	<size>
		<width>640</width>
		<height>640</height>
		<depth>3</depth>
	</size>
	<segmented>0</segmented>
	<object>
		<name>rope</name>
		<pose>Unspecified</pose>
		<truncated>0</truncated>
		<difficult>0</difficult>
		<occluded>0</occluded>
		<bndbox>
			<xmin>8</xmin>
			<xmax>632</xmax>
			<ymin>309</ymin>
			<ymax>504</ymax>
		</bndbox>
		<polygon>
			<x1>631.111111</x1>
			<y1>466.666667</y1>
			<x2>7.777778</x2>
			<y2>308.333333</y2>
			<x3>6.666667</x3>
			<y3>348.333333</y3>
			<x4>631.111111</x4>
			<y4>503.333333</y4>
			<x5>631.111111</x5>
			<y5>466.666667</y5>
		</polygon>
	</object>
	<object>
		<name>diver</name>
		<pose>Unspecified</pose>
		<truncated>0</truncated>
		<difficult>0</difficult>
		<occluded>0</occluded>
		<bndbox>
			<xmin>206</xmin>
			<xmax>548</xmax>
			<ymin>296</ymin>
			<ymax>468</ymax>
		</bndbox>
	</object>
</annotation>
