<annotation>
	<folder></folder>
	<filename>02201-4-_png.rf.3e1eccdb91e59ac139f9d214eee1f623.jpg</filename>
	<path>02201-4-_png.rf.3e1eccdb91e59ac139f9d214eee1f623.jpg</path>
	<source>
		<database>roboflow.com</database>
	</source>
	<size>
		<width>640</width>
		<height>640</height>
		<depth>3</depth>
	</size>
	<segmented>0</segmented>
	<object>
		<name>rope</name>
		<pose>Unspecified</pose>
		<truncated>0</truncated>
		<difficult>0</difficult>
		<occluded>0</occluded>
		<bndbox>
			<xmin>5</xmin>
			<xmax>630</xmax>
			<ymin>381</ymin>
			<ymax>446</ymax>
		</bndbox>
		<polygon>
			<x1>320</x1>
			<y1>415</y1>
			<x2>627.777778</x2>
			<y2>425</y2>
			<x3>628.888889</x3>
			<y3>395</y3>
			<x4>303.333333</x4>
			<y4>380</y4>
			<x5>4.444444</x5>
			<y5>408.333333</y5>
			<x6>6.666667</x6>
			<y6>445</y6>
			<x7>320</x7>
			<y7>415</y7>
		</polygon>
	</object>
	<object>
		<name>diver</name>
		<pose>Unspecified</pose>
		<truncated>0</truncated>
		<difficult>0</difficult>
		<occluded>0</occluded>
		<bndbox>
			<xmin>184</xmin>
			<xmax>521</xmax>
			<ymin>288</ymin>
			<ymax>448</ymax>
		</bndbox>
	</object>
</annotation>
