<annotation>
	<folder></folder>
	<filename>02201-5-_png.rf.5308a4c4298c2bc217c6e1fbb0ac0538.jpg</filename>
	<path>02201-5-_png.rf.5308a4c4298c2bc217c6e1fbb0ac0538.jpg</path>
	<source>
		<database>roboflow.com</database>
	</source>
	<size>
		<width>640</width>
		<height>640</height>
		<depth>3</depth>
	</size>
	<segmented>0</segmented>
	<object>
		<name>diver</name>
		<pose>Unspecified</pose>
		<truncated>0</truncated>
		<difficult>0</difficult>
		<occluded>0</occluded>
		<bndbox>
			<xmin>227</xmin>
			<xmax>335</xmax>
			<ymin>8</ymin>
			<ymax>536</ymax>
		</bndbox>
	</object>
	<object>
		<name>rope</name>
		<pose>Unspecified</pose>
		<truncated>0</truncated>
		<difficult>0</difficult>
		<occluded>0</occluded>
		<bndbox>
			<xmin>313</xmin>
			<xmax>345</xmax>
			<ymin>19</ymin>
			<ymax>636</ymax>
		</bndbox>
	</object>
</annotation>
