<annotation>
	<folder></folder>
	<filename>02201_png.rf.ae8a60226c27bdbc45ce3fcf88c45dcb.jpg</filename>
	<path>02201_png.rf.ae8a60226c27bdbc45ce3fcf88c45dcb.jpg</path>
	<source>
		<database>roboflow.com</database>
	</source>
	<size>
		<width>640</width>
		<height>640</height>
		<depth>3</depth>
	</size>
	<segmented>0</segmented>
	<object>
		<name>diver</name>
		<pose>Unspecified</pose>
		<truncated>0</truncated>
		<difficult>0</difficult>
		<occluded>0</occluded>
		<bndbox>
			<xmin>1</xmin>
			<xmax>379</xmax>
			<ymin>253</ymin>
			<ymax>453</ymax>
		</bndbox>
	</object>
	<object>
		<name>rope</name>
		<pose>Unspecified</pose>
		<truncated>0</truncated>
		<difficult>0</difficult>
		<occluded>0</occluded>
		<bndbox>
			<xmin>7</xmin>
			<xmax>633</xmax>
			<ymin>229</ymin>
			<ymax>450</ymax>
		</bndbox>
		<polygon>
			<x1>630.833333</x1>
			<y1>407.352941</y1>
			<x2>5.833333</x2>
			<y2>227.941176</y2>
			<x3>5.833333</x3>
			<y3>251.470588</y3>
			<x4>631.666667</x4>
			<y4>448.529412</y4>
			<x5>630.833333</x5>
			<y5>407.352941</y5>
		</polygon>
	</object>
</annotation>
