<annotation>
	<folder></folder>
	<filename>02201-3-_png.rf.624658d44e7a051d8cfd8019cfae4891.jpg</filename>
	<path>02201-3-_png.rf.624658d44e7a051d8cfd8019cfae4891.jpg</path>
	<source>
		<database>roboflow.com</database>
	</source>
	<size>
		<width>640</width>
		<height>640</height>
		<depth>3</depth>
	</size>
	<segmented>0</segmented>
	<object>
		<name>diver</name>
		<pose>Unspecified</pose>
		<truncated>0</truncated>
		<difficult>0</difficult>
		<occluded>0</occluded>
		<bndbox>
			<xmin>243</xmin>
			<xmax>466</xmax>
			<ymin>192</ymin>
			<ymax>391</ymax>
		</bndbox>
	</object>
	<object>
		<name>rope</name>
		<pose>Unspecified</pose>
		<truncated>0</truncated>
		<difficult>0</difficult>
		<occluded>0</occluded>
		<bndbox>
			<xmin>10</xmin>
			<xmax>624</xmax>
			<ymin>24</ymin>
			<ymax>465</ymax>
		</bndbox>
		<polygon>
			<x1>620</x1>
			<y1>407.111111</y1>
			<x2>30</x2>
			<y2>23.111111</y2>
			<x3>9</x3>
			<y3>65.777778</y3>
			<x4>623</x4>
			<y4>464</y4>
			<x5>620</x5>
			<y5>407.111111</y5>
		</polygon>
	</object>
</annotation>
