<annotation>
	<folder></folder>
	<filename>02301-2-_png.rf.9395b234ef472df348b02adfc1678f63.jpg</filename>
	<path>02301-2-_png.rf.9395b234ef472df348b02adfc1678f63.jpg</path>
	<source>
		<database>roboflow.com</database>
	</source>
	<size>
		<width>640</width>
		<height>640</height>
		<depth>3</depth>
	</size>
	<segmented>0</segmented>
	<object>
		<name>rope</name>
		<pose>Unspecified</pose>
		<truncated>0</truncated>
		<difficult>0</difficult>
		<occluded>0</occluded>
		<bndbox>
			<xmin>7</xmin>
			<xmax>639</xmax>
			<ymin>223</ymin>
			<ymax>532</ymax>
		</bndbox>
		<polygon>
			<x1>635</x1>
			<y1>492.647059</y1>
			<x2>5.833333</x2>
			<y2>222.058824</y2>
			<x3>5.833333</x3>
			<y3>254.411765</y3>
			<x4>638.333333</x4>
			<y4>530.882353</y4>
			<x5>635</x5>
			<y5>492.647059</y5>
		</polygon>
	</object>
	<object>
		<name>diver</name>
		<pose>Unspecified</pose>
		<truncated>0</truncated>
		<difficult>0</difficult>
		<occluded>0</occluded>
		<bndbox>
			<xmin>99</xmin>
			<xmax>408</xmax>
			<ymin>332</ymin>
			<ymax>582</ymax>
		</bndbox>
	</object>
</annotation>
