<annotation>
	<folder></folder>
	<filename>02301-5-_png.rf.e42be6aef85fd73d14c7e9597a985ad0.jpg</filename>
	<path>02301-5-_png.rf.e42be6aef85fd73d14c7e9597a985ad0.jpg</path>
	<source>
		<database>roboflow.com</database>
	</source>
	<size>
		<width>640</width>
		<height>640</height>
		<depth>3</depth>
	</size>
	<segmented>0</segmented>
	<object>
		<name>rope</name>
		<pose>Unspecified</pose>
		<truncated>0</truncated>
		<difficult>0</difficult>
		<occluded>0</occluded>
		<bndbox>
			<xmin>315</xmin>
			<xmax>348</xmax>
			<ymin>11</ymin>
			<ymax>641</ymax>
		</bndbox>
	</object>
	<object>
		<name>diver</name>
		<pose>Unspecified</pose>
		<truncated>0</truncated>
		<difficult>0</difficult>
		<occluded>0</occluded>
		<bndbox>
			<xmin>257</xmin>
			<xmax>335</xmax>
			<ymin>165</ymin>
			<ymax>595</ymax>
		</bndbox>
	</object>
</annotation>
