<annotation>
	<folder></folder>
	<filename>02301-4-_png.rf.fd515412a4b8fedb68ca56d5be3f4f06.jpg</filename>
	<path>02301-4-_png.rf.fd515412a4b8fedb68ca56d5be3f4f06.jpg</path>
	<source>
		<database>roboflow.com</database>
	</source>
	<size>
		<width>640</width>
		<height>640</height>
		<depth>3</depth>
	</size>
	<segmented>0</segmented>
	<object>
		<name>diver</name>
		<pose>Unspecified</pose>
		<truncated>0</truncated>
		<difficult>0</difficult>
		<occluded>0</occluded>
		<bndbox>
			<xmin>166</xmin>
			<xmax>518</xmax>
			<ymin>269</ymin>
			<ymax>598</ymax>
		</bndbox>
	</object>
	<object>
		<name>rope</name>
		<pose>Unspecified</pose>
		<truncated>0</truncated>
		<difficult>0</difficult>
		<occluded>0</occluded>
		<bndbox>
			<xmin>12</xmin>
			<xmax>637</xmax>
			<ymin>269</ymin>
			<ymax>641</ymax>
		</bndbox>
		<polygon>
			<x1>633.333333</x1>
			<y1>268.333333</y1>
			<x2>11.111111</x2>
			<y2>601.666667</y2>
			<x3>35.555556</x3>
			<y3>640</y3>
			<x4>635.555556</x4>
			<y4>300</y4>
			<x5>633.333333</x5>
			<y5>268.333333</y5>
		</polygon>
	</object>
</annotation>
