<annotation>
	<folder></folder>
	<filename>02401-2-_png.rf.baacd9d2824e9362edb92095003891dc.jpg</filename>
	<path>02401-2-_png.rf.baacd9d2824e9362edb92095003891dc.jpg</path>
	<source>
		<database>roboflow.com</database>
	</source>
	<size>
		<width>640</width>
		<height>640</height>
		<depth>3</depth>
	</size>
	<segmented>0</segmented>
	<object>
		<name>diver</name>
		<pose>Unspecified</pose>
		<truncated>0</truncated>
		<difficult>0</difficult>
		<occluded>0</occluded>
		<bndbox>
			<xmin>63</xmin>
			<xmax>418</xmax>
			<ymin>273</ymin>
			<ymax>594</ymax>
		</bndbox>
	</object>
	<object>
		<name>rope</name>
		<pose>Unspecified</pose>
		<truncated>0</truncated>
		<difficult>0</difficult>
		<occluded>0</occluded>
		<bndbox>
			<xmin>2</xmin>
			<xmax>636</xmax>
			<ymin>152</ymin>
			<ymax>580</ymax>
		</bndbox>
		<polygon>
			<x1>630</x1>
			<y1>536.764706</y1>
			<x2>8.913</x2>
			<y2>151.470588</y2>
			<x3>1.413</x3>
			<y3>195.588235</y3>
			<x4>635.154667</x4>
			<y4>579.411765</y4>
			<x5>630</x5>
			<y5>536.764706</y5>
		</polygon>
	</object>
</annotation>
