<annotation>
	<folder></folder>
	<filename>02401-3-_png.rf.786fc229dfbe9617fc932d5bae9c77b0.jpg</filename>
	<path>02401-3-_png.rf.786fc229dfbe9617fc932d5bae9c77b0.jpg</path>
	<source>
		<database>roboflow.com</database>
	</source>
	<size>
		<width>640</width>
		<height>640</height>
		<depth>3</depth>
	</size>
	<segmented>0</segmented>
	<object>
		<name>rope</name>
		<pose>Unspecified</pose>
		<truncated>0</truncated>
		<difficult>0</difficult>
		<occluded>0</occluded>
		<bndbox>
			<xmin>3</xmin>
			<xmax>626</xmax>
			<ymin>186</ymin>
			<ymax>472</ymax>
		</bndbox>
		<polygon>
			<x1>625</x1>
			<y1>437.333333</y1>
			<x2>2</x2>
			<y2>184.888889</y2>
			<x3>3</x3>
			<y3>220.444444</y3>
			<x4>621</x4>
			<y4>471.111111</y4>
			<x5>625</x5>
			<y5>437.333333</y5>
		</polygon>
	</object>
	<object>
		<name>diver</name>
		<pose>Unspecified</pose>
		<truncated>0</truncated>
		<difficult>0</difficult>
		<occluded>0</occluded>
		<bndbox>
			<xmin>186</xmin>
			<xmax>462</xmax>
			<ymin>268</ymin>
			<ymax>440</ymax>
		</bndbox>
	</object>
</annotation>
