<annotation>
	<folder></folder>
	<filename>02401-5-_png.rf.409d5f54dcb7bf0d72afb1ae40241c58.jpg</filename>
	<path>02401-5-_png.rf.409d5f54dcb7bf0d72afb1ae40241c58.jpg</path>
	<source>
		<database>roboflow.com</database>
	</source>
	<size>
		<width>640</width>
		<height>640</height>
		<depth>3</depth>
	</size>
	<segmented>0</segmented>
	<object>
		<name>diver</name>
		<pose>Unspecified</pose>
		<truncated>0</truncated>
		<difficult>0</difficult>
		<occluded>0</occluded>
		<bndbox>
			<xmin>270</xmin>
			<xmax>362</xmax>
			<ymin>83</ymin>
			<ymax>533</ymax>
		</bndbox>
	</object>
	<object>
		<name>rope</name>
		<pose>Unspecified</pose>
		<truncated>0</truncated>
		<difficult>0</difficult>
		<occluded>0</occluded>
		<bndbox>
			<xmin>324</xmin>
			<xmax>356</xmax>
			<ymin>13</ymin>
			<ymax>641</ymax>
		</bndbox>
	</object>
</annotation>
