<annotation>
	<folder></folder>
	<filename>02501-3-_png.rf.ebe7328db7894bf7830f00d4239173ec.jpg</filename>
	<path>02501-3-_png.rf.ebe7328db7894bf7830f00d4239173ec.jpg</path>
	<source>
		<database>roboflow.com</database>
	</source>
	<size>
		<width>640</width>
		<height>640</height>
		<depth>3</depth>
	</size>
	<segmented>0</segmented>
	<object>
		<name>rope</name>
		<pose>Unspecified</pose>
		<truncated>0</truncated>
		<difficult>0</difficult>
		<occluded>0</occluded>
		<bndbox>
			<xmin>6</xmin>
			<xmax>638</xmax>
			<ymin>237</ymin>
			<ymax>387</ymax>
		</bndbox>
		<polygon>
			<x1>634</x1>
			<y1>355.555556</y1>
			<x2>5</x2>
			<y2>236.444444</y2>
			<x3>10</x3>
			<y3>286.222222</y3>
			<x4>637</x4>
			<y4>385.777778</y4>
			<x5>634</x5>
			<y5>355.555556</y5>
		</polygon>
	</object>
	<object>
		<name>diver</name>
		<pose>Unspecified</pose>
		<truncated>0</truncated>
		<difficult>0</difficult>
		<occluded>0</occluded>
		<bndbox>
			<xmin>129</xmin>
			<xmax>447</xmax>
			<ymin>282</ymin>
			<ymax>417</ymax>
		</bndbox>
	</object>
</annotation>
