<annotation>
	<folder></folder>
	<filename>02501-4-_png.rf.8c4edc0119592db777e3105ea78e819b.jpg</filename>
	<path>02501-4-_png.rf.8c4edc0119592db777e3105ea78e819b.jpg</path>
	<source>
		<database>roboflow.com</database>
	</source>
	<size>
		<width>640</width>
		<height>640</height>
		<depth>3</depth>
	</size>
	<segmented>0</segmented>
	<object>
		<name>diver</name>
		<pose>Unspecified</pose>
		<truncated>0</truncated>
		<difficult>0</difficult>
		<occluded>0</occluded>
		<bndbox>
			<xmin>193</xmin>
			<xmax>537</xmax>
			<ymin>257</ymin>
			<ymax>641</ymax>
		</bndbox>
	</object>
	<object>
		<name>rope</name>
		<pose>Unspecified</pose>
		<truncated>0</truncated>
		<difficult>0</difficult>
		<occluded>0</occluded>
		<bndbox>
			<xmin>119</xmin>
			<xmax>639</xmax>
			<ymin>184</ymin>
			<ymax>641</ymax>
		</bndbox>
		<polygon>
			<x1>624.444444</x1>
			<y1>183.333333</y1>
			<x2>117.777778</x2>
			<y2>631.666667</y2>
			<x3>150</x3>
			<y3>640</y3>
			<x4>637.777778</x4>
			<y4>221.666667</y4>
			<x5>624.444444</x5>
			<y5>183.333333</y5>
		</polygon>
	</object>
</annotation>
