<annotation>
	<folder></folder>
	<filename>02501-5-_png.rf.265ba6ecffe2a0d7ac05b1af28cb2f84.jpg</filename>
	<path>02501-5-_png.rf.265ba6ecffe2a0d7ac05b1af28cb2f84.jpg</path>
	<source>
		<database>roboflow.com</database>
	</source>
	<size>
		<width>640</width>
		<height>640</height>
		<depth>3</depth>
	</size>
	<segmented>0</segmented>
	<object>
		<name>diver</name>
		<pose>Unspecified</pose>
		<truncated>0</truncated>
		<difficult>0</difficult>
		<occluded>0</occluded>
		<bndbox>
			<xmin>226</xmin>
			<xmax>312</xmax>
			<ymin>40</ymin>
			<ymax>552</ymax>
		</bndbox>
	</object>
	<object>
		<name>rope</name>
		<pose>Unspecified</pose>
		<truncated>0</truncated>
		<difficult>0</difficult>
		<occluded>0</occluded>
		<bndbox>
			<xmin>298</xmin>
			<xmax>327</xmax>
			<ymin>10</ymin>
			<ymax>630</ymax>
		</bndbox>
	</object>
</annotation>
