<annotation>
	<folder></folder>
	<filename>02601-3-_png.rf.8b24b20ac2a27ab152d85e93fb6fcfb9.jpg</filename>
	<path>02601-3-_png.rf.8b24b20ac2a27ab152d85e93fb6fcfb9.jpg</path>
	<source>
		<database>roboflow.com</database>
	</source>
	<size>
		<width>640</width>
		<height>640</height>
		<depth>3</depth>
	</size>
	<segmented>0</segmented>
	<object>
		<name>rope</name>
		<pose>Unspecified</pose>
		<truncated>0</truncated>
		<difficult>0</difficult>
		<occluded>0</occluded>
		<bndbox>
			<xmin>1</xmin>
			<xmax>641</xmax>
			<ymin>293</ymin>
			<ymax>355</ymax>
		</bndbox>
		<polygon>
			<x1>0</x1>
			<y1>353.777778</y1>
			<x2>634</x2>
			<y2>327.111111</y2>
			<x3>640</x3>
			<y3>296.888889</y3>
			<x4>632</x4>
			<y4>291.555556</y4>
			<x5>0</x5>
			<y5>321.777778</y5>
			<x6>0</x6>
			<y6>353.777778</y6>
		</polygon>
	</object>
	<object>
		<name>diver</name>
		<pose>Unspecified</pose>
		<truncated>0</truncated>
		<difficult>0</difficult>
		<occluded>0</occluded>
		<bndbox>
			<xmin>75</xmin>
			<xmax>430</xmax>
			<ymin>255</ymin>
			<ymax>399</ymax>
		</bndbox>
	</object>
</annotation>
