<annotation>
	<folder></folder>
	<filename>02601-4-_png.rf.45e0cbe453978264b1e345a0edc713bb.jpg</filename>
	<path>02601-4-_png.rf.45e0cbe453978264b1e345a0edc713bb.jpg</path>
	<source>
		<database>roboflow.com</database>
	</source>
	<size>
		<width>640</width>
		<height>640</height>
		<depth>3</depth>
	</size>
	<segmented>0</segmented>
	<object>
		<name>diver</name>
		<pose>Unspecified</pose>
		<truncated>0</truncated>
		<difficult>0</difficult>
		<occluded>0</occluded>
		<bndbox>
			<xmin>148</xmin>
			<xmax>489</xmax>
			<ymin>306</ymin>
			<ymax>586</ymax>
		</bndbox>
	</object>
	<object>
		<name>rope</name>
		<pose>Unspecified</pose>
		<truncated>0</truncated>
		<difficult>0</difficult>
		<occluded>0</occluded>
		<bndbox>
			<xmin>1</xmin>
			<xmax>635</xmax>
			<ymin>209</ymin>
			<ymax>606</ymax>
		</bndbox>
		<polygon>
			<x1>625.555556</x1>
			<y1>208.333333</y1>
			<x2>0</x2>
			<y2>580</y2>
			<x3>10</x3>
			<y3>605</y3>
			<x4>634.444444</x4>
			<y4>238.333333</y4>
			<x5>625.555556</x5>
			<y5>208.333333</y5>
		</polygon>
	</object>
</annotation>
