<annotation>
	<folder></folder>
	<filename>02701-5-_png.rf.a364f846a3d471d5d40e4e465bcdd282.jpg</filename>
	<path>02701-5-_png.rf.a364f846a3d471d5d40e4e465bcdd282.jpg</path>
	<source>
		<database>roboflow.com</database>
	</source>
	<size>
		<width>640</width>
		<height>640</height>
		<depth>3</depth>
	</size>
	<segmented>0</segmented>
	<object>
		<name>rope</name>
		<pose>Unspecified</pose>
		<truncated>0</truncated>
		<difficult>0</difficult>
		<occluded>0</occluded>
		<bndbox>
			<xmin>314</xmin>
			<xmax>337</xmax>
			<ymin>1</ymin>
			<ymax>632</ymax>
		</bndbox>
	</object>
	<object>
		<name>diver</name>
		<pose>Unspecified</pose>
		<truncated>0</truncated>
		<difficult>0</difficult>
		<occluded>0</occluded>
		<bndbox>
			<xmin>226</xmin>
			<xmax>332</xmax>
			<ymin>99</ymin>
			<ymax>568</ymax>
		</bndbox>
	</object>
</annotation>
