<annotation>
	<folder></folder>
	<filename>02701-4-_png.rf.57dfc66176a38a3d01044675708058de.jpg</filename>
	<path>02701-4-_png.rf.57dfc66176a38a3d01044675708058de.jpg</path>
	<source>
		<database>roboflow.com</database>
	</source>
	<size>
		<width>640</width>
		<height>640</height>
		<depth>3</depth>
	</size>
	<segmented>0</segmented>
	<object>
		<name>diver</name>
		<pose>Unspecified</pose>
		<truncated>0</truncated>
		<difficult>0</difficult>
		<occluded>0</occluded>
		<bndbox>
			<xmin>193</xmin>
			<xmax>562</xmax>
			<ymin>283</ymin>
			<ymax>533</ymax>
		</bndbox>
	</object>
	<object>
		<name>rope</name>
		<pose>Unspecified</pose>
		<truncated>0</truncated>
		<difficult>0</difficult>
		<occluded>0</occluded>
		<bndbox>
			<xmin>7</xmin>
			<xmax>637</xmax>
			<ymin>276</ymin>
			<ymax>403</ymax>
		</bndbox>
		<polygon>
			<x1>634.444444</x1>
			<y1>275</y1>
			<x2>5.555556</x2>
			<y2>368.333333</y2>
			<x3>5.555556</x3>
			<y3>401.666667</y3>
			<x4>635.555556</x4>
			<y4>300</y4>
			<x5>634.444444</x5>
			<y5>275</y5>
		</polygon>
	</object>
</annotation>
