<annotation>
	<folder></folder>
	<filename>02701_png.rf.bb973ed4a3ce53109e35c31801363754.jpg</filename>
	<path>02701_png.rf.bb973ed4a3ce53109e35c31801363754.jpg</path>
	<source>
		<database>roboflow.com</database>
	</source>
	<size>
		<width>640</width>
		<height>640</height>
		<depth>3</depth>
	</size>
	<segmented>0</segmented>
	<object>
		<name>diver</name>
		<pose>Unspecified</pose>
		<truncated>0</truncated>
		<difficult>0</difficult>
		<occluded>0</occluded>
		<bndbox>
			<xmin>1</xmin>
			<xmax>314</xmax>
			<ymin>234</ymin>
			<ymax>436</ymax>
		</bndbox>
	</object>
	<object>
		<name>rope</name>
		<pose>Unspecified</pose>
		<truncated>0</truncated>
		<difficult>0</difficult>
		<occluded>0</occluded>
		<bndbox>
			<xmin>1</xmin>
			<xmax>637</xmax>
			<ymin>350</ymin>
			<ymax>384</ymax>
		</bndbox>
	</object>
</annotation>
