<annotation>
	<folder></folder>
	<filename>02701-2-_png.rf.60e8386c553189a32d0adf99ec32d8b9.jpg</filename>
	<path>02701-2-_png.rf.60e8386c553189a32d0adf99ec32d8b9.jpg</path>
	<source>
		<database>roboflow.com</database>
	</source>
	<size>
		<width>640</width>
		<height>640</height>
		<depth>3</depth>
	</size>
	<segmented>0</segmented>
	<object>
		<name>rope</name>
		<pose>Unspecified</pose>
		<truncated>0</truncated>
		<difficult>0</difficult>
		<occluded>0</occluded>
		<bndbox>
			<xmin>3</xmin>
			<xmax>633</xmax>
			<ymin>286</ymin>
			<ymax>475</ymax>
		</bndbox>
		<polygon>
			<x1>630.833333</x1>
			<y1>423.529412</y1>
			<x2>630.833333</x2>
			<y2>433.823529</y2>
			<x3>1.666667</x3>
			<y3>285.294118</y3>
			<x4>3.333333</x4>
			<y4>316.176471</y4>
			<x5>631.666667</x5>
			<y5>473.529412</y5>
			<x6>630.833333</x6>
			<y6>423.529412</y6>
		</polygon>
	</object>
	<object>
		<name>diver</name>
		<pose>Unspecified</pose>
		<truncated>0</truncated>
		<difficult>0</difficult>
		<occluded>0</occluded>
		<bndbox>
			<xmin>1</xmin>
			<xmax>374</xmax>
			<ymin>287</ymin>
			<ymax>545</ymax>
		</bndbox>
	</object>
</annotation>
