<annotation>
	<folder></folder>
	<filename>02801_png.rf.502c1e07ce55b84f63d07f7bc9de7152.jpg</filename>
	<path>02801_png.rf.502c1e07ce55b84f63d07f7bc9de7152.jpg</path>
	<source>
		<database>roboflow.com</database>
	</source>
	<size>
		<width>640</width>
		<height>640</height>
		<depth>3</depth>
	</size>
	<segmented>0</segmented>
	<object>
		<name>diver</name>
		<pose>Unspecified</pose>
		<truncated>0</truncated>
		<difficult>0</difficult>
		<occluded>0</occluded>
		<bndbox>
			<xmin>1</xmin>
			<xmax>253</xmax>
			<ymin>289</ymin>
			<ymax>457</ymax>
		</bndbox>
	</object>
	<object>
		<name>rope</name>
		<pose>Unspecified</pose>
		<truncated>0</truncated>
		<difficult>0</difficult>
		<occluded>0</occluded>
		<bndbox>
			<xmin>4</xmin>
			<xmax>484</xmax>
			<ymin>350</ymin>
			<ymax>413</ymax>
		</bndbox>
		<polygon>
			<x1>5</x1>
			<y1>348.529412</y1>
			<x2>3.333333</x2>
			<y2>386.764706</y2>
			<x3>481.666667</x3>
			<y3>411.764706</y3>
			<x4>482.5</x4>
			<y4>367.647059</y4>
			<x5>5</x5>
			<y5>348.529412</y5>
		</polygon>
	</object>
</annotation>
