<annotation>
	<folder></folder>
	<filename>02801-4-_png.rf.26aa3abe5dde9bcbcc3a273571b1202d.jpg</filename>
	<path>02801-4-_png.rf.26aa3abe5dde9bcbcc3a273571b1202d.jpg</path>
	<source>
		<database>roboflow.com</database>
	</source>
	<size>
		<width>640</width>
		<height>640</height>
		<depth>3</depth>
	</size>
	<segmented>0</segmented>
	<object>
		<name>diver</name>
		<pose>Unspecified</pose>
		<truncated>0</truncated>
		<difficult>0</difficult>
		<occluded>0</occluded>
		<bndbox>
			<xmin>100</xmin>
			<xmax>521</xmax>
			<ymin>271</ymin>
			<ymax>571</ymax>
		</bndbox>
	</object>
	<object>
		<name>rope</name>
		<pose>Unspecified</pose>
		<truncated>0</truncated>
		<difficult>0</difficult>
		<occluded>0</occluded>
		<bndbox>
			<xmin>10</xmin>
			<xmax>637</xmax>
			<ymin>269</ymin>
			<ymax>356</ymax>
		</bndbox>
		<polygon>
			<x1>10</x1>
			<y1>268.333333</y1>
			<x2>8.888889</x2>
			<y2>296.666667</y2>
			<x3>635.555556</x3>
			<y3>355</y3>
			<x4>635.555556</x4>
			<y4>321.666667</y4>
			<x5>10</x5>
			<y5>268.333333</y5>
		</polygon>
	</object>
</annotation>
