<annotation>
	<folder></folder>
	<filename>02801-2-_png.rf.18375e745deb1c9f171b3f3cb6b1caf8.jpg</filename>
	<path>02801-2-_png.rf.18375e745deb1c9f171b3f3cb6b1caf8.jpg</path>
	<source>
		<database>roboflow.com</database>
	</source>
	<size>
		<width>640</width>
		<height>640</height>
		<depth>3</depth>
	</size>
	<segmented>0</segmented>
	<object>
		<name>diver</name>
		<pose>Unspecified</pose>
		<truncated>0</truncated>
		<difficult>0</difficult>
		<occluded>0</occluded>
		<bndbox>
			<xmin>13</xmin>
			<xmax>400</xmax>
			<ymin>266</ymin>
			<ymax>494</ymax>
		</bndbox>
	</object>
	<object>
		<name>rope</name>
		<pose>Unspecified</pose>
		<truncated>0</truncated>
		<difficult>0</difficult>
		<occluded>0</occluded>
		<bndbox>
			<xmin>14</xmin>
			<xmax>638</xmax>
			<ymin>167</ymin>
			<ymax>529</ymax>
		</bndbox>
		<polygon>
			<x1>12.7605</x1>
			<y1>166.176471</y1>
			<x2>12.7605</x2>
			<y2>201.470588</y2>
			<x3>637.44</x3>
			<y3>527.941176</y3>
			<x4>637.44</x4>
			<y4>494.117647</y4>
			<x5>12.7605</x5>
			<y5>166.176471</y5>
		</polygon>
	</object>
</annotation>
