<annotation>
	<folder></folder>
	<filename>02901-4-_png.rf.0ab479e510af9707319a5983c0d163a3.jpg</filename>
	<path>02901-4-_png.rf.0ab479e510af9707319a5983c0d163a3.jpg</path>
	<source>
		<database>roboflow.com</database>
	</source>
	<size>
		<width>640</width>
		<height>640</height>
		<depth>3</depth>
	</size>
	<segmented>0</segmented>
	<object>
		<name>diver</name>
		<pose>Unspecified</pose>
		<truncated>0</truncated>
		<difficult>0</difficult>
		<occluded>0</occluded>
		<bndbox>
			<xmin>77</xmin>
			<xmax>479</xmax>
			<ymin>254</ymin>
			<ymax>533</ymax>
		</bndbox>
	</object>
	<object>
		<name>rope</name>
		<pose>Unspecified</pose>
		<truncated>0</truncated>
		<difficult>0</difficult>
		<occluded>0</occluded>
		<bndbox>
			<xmin>5</xmin>
			<xmax>632</xmax>
			<ymin>179</ymin>
			<ymax>448</ymax>
		</bndbox>
		<polygon>
			<x1>631.111111</x1>
			<y1>446.666667</y1>
			<x2>631.111111</x2>
			<y2>398.333333</y2>
			<x3>7.777778</x3>
			<y3>178.333333</y3>
			<x4>4.444444</x4>
			<y4>218.333333</y4>
			<x5>631.111111</x5>
			<y5>446.666667</y5>
		</polygon>
	</object>
</annotation>
