<annotation>
	<folder></folder>
	<filename>02901-5-_png.rf.e54fcf59e46be035009fea1e4c2f2eea.jpg</filename>
	<path>02901-5-_png.rf.e54fcf59e46be035009fea1e4c2f2eea.jpg</path>
	<source>
		<database>roboflow.com</database>
	</source>
	<size>
		<width>640</width>
		<height>640</height>
		<depth>3</depth>
	</size>
	<segmented>0</segmented>
	<object>
		<name>rope</name>
		<pose>Unspecified</pose>
		<truncated>0</truncated>
		<difficult>0</difficult>
		<occluded>0</occluded>
		<bndbox>
			<xmin>350</xmin>
			<xmax>367</xmax>
			<ymin>1</ymin>
			<ymax>620</ymax>
		</bndbox>
	</object>
	<object>
		<name>diver</name>
		<pose>Unspecified</pose>
		<truncated>0</truncated>
		<difficult>0</difficult>
		<occluded>0</occluded>
		<bndbox>
			<xmin>315</xmin>
			<xmax>376</xmax>
			<ymin>87</ymin>
			<ymax>542</ymax>
		</bndbox>
	</object>
</annotation>
