<annotation>
	<folder></folder>
	<filename>02901-2-_png.rf.836ca66798ed734cea9ece634c79474d.jpg</filename>
	<path>02901-2-_png.rf.836ca66798ed734cea9ece634c79474d.jpg</path>
	<source>
		<database>roboflow.com</database>
	</source>
	<size>
		<width>640</width>
		<height>640</height>
		<depth>3</depth>
	</size>
	<segmented>0</segmented>
	<object>
		<name>diver</name>
		<pose>Unspecified</pose>
		<truncated>0</truncated>
		<difficult>0</difficult>
		<occluded>0</occluded>
		<bndbox>
			<xmin>401</xmin>
			<xmax>544</xmax>
			<ymin>138</ymin>
			<ymax>326</ymax>
		</bndbox>
	</object>
	<object>
		<name>diver</name>
		<pose>Unspecified</pose>
		<truncated>0</truncated>
		<difficult>0</difficult>
		<occluded>0</occluded>
		<bndbox>
			<xmin>5</xmin>
			<xmax>355</xmax>
			<ymin>131</ymin>
			<ymax>415</ymax>
		</bndbox>
	</object>
	<object>
		<name>rope</name>
		<pose>Unspecified</pose>
		<truncated>0</truncated>
		<difficult>0</difficult>
		<occluded>0</occluded>
		<bndbox>
			<xmin>5</xmin>
			<xmax>635</xmax>
			<ymin>189</ymin>
			<ymax>391</ymax>
		</bndbox>
		<polygon>
			<x1>9.166667</x1>
			<y1>188.235294</y1>
			<x2>4.166667</x2>
			<y2>230.882353</y2>
			<x3>629.166667</x3>
			<y3>389.705882</y3>
			<x4>634.166667</x4>
			<y4>341.176471</y4>
			<x5>9.166667</x5>
			<y5>188.235294</y5>
		</polygon>
	</object>
</annotation>
