<annotation>
	<folder></folder>
	<filename>02901-3-_png.rf.052eaa2a5e4fd7a0d86615e7be6fb8c3.jpg</filename>
	<path>02901-3-_png.rf.052eaa2a5e4fd7a0d86615e7be6fb8c3.jpg</path>
	<source>
		<database>roboflow.com</database>
	</source>
	<size>
		<width>640</width>
		<height>640</height>
		<depth>3</depth>
	</size>
	<segmented>0</segmented>
	<object>
		<name>rope</name>
		<pose>Unspecified</pose>
		<truncated>0</truncated>
		<difficult>0</difficult>
		<occluded>0</occluded>
		<bndbox>
			<xmin>1</xmin>
			<xmax>615</xmax>
			<ymin>275</ymin>
			<ymax>321</ymax>
		</bndbox>
	</object>
	<object>
		<name>diver</name>
		<pose>Unspecified</pose>
		<truncated>0</truncated>
		<difficult>0</difficult>
		<occluded>0</occluded>
		<bndbox>
			<xmin>1</xmin>
			<xmax>423</xmax>
			<ymin>216</ymin>
			<ymax>385</ymax>
		</bndbox>
	</object>
</annotation>
