<annotation>
	<folder></folder>
	<filename>03001_png.rf.6c3c127213c74040aca39f816b113643.jpg</filename>
	<path>03001_png.rf.6c3c127213c74040aca39f816b113643.jpg</path>
	<source>
		<database>roboflow.com</database>
	</source>
	<size>
		<width>640</width>
		<height>640</height>
		<depth>3</depth>
	</size>
	<segmented>0</segmented>
	<object>
		<name>diver</name>
		<pose>Unspecified</pose>
		<truncated>0</truncated>
		<difficult>0</difficult>
		<occluded>0</occluded>
		<bndbox>
			<xmin>1</xmin>
			<xmax>385</xmax>
			<ymin>210</ymin>
			<ymax>467</ymax>
		</bndbox>
	</object>
	<object>
		<name>rope</name>
		<pose>Unspecified</pose>
		<truncated>0</truncated>
		<difficult>0</difficult>
		<occluded>0</occluded>
		<bndbox>
			<xmin>2</xmin>
			<xmax>621</xmax>
			<ymin>272</ymin>
			<ymax>499</ymax>
		</bndbox>
		<polygon>
			<x1>620</x1>
			<y1>461.764706</y1>
			<x2>2.988667</x2>
			<y2>270.588235</y2>
			<x3>1.322</x3>
			<y3>314.705882</y3>
			<x4>613.421</x4>
			<y4>497.807353</y4>
			<x5>620</x5>
			<y5>461.764706</y5>
		</polygon>
	</object>
</annotation>
