<annotation>
	<folder></folder>
	<filename>03001-2-_png.rf.f99a81112510f048ddc3674e1b04848e.jpg</filename>
	<path>03001-2-_png.rf.f99a81112510f048ddc3674e1b04848e.jpg</path>
	<source>
		<database>roboflow.com</database>
	</source>
	<size>
		<width>640</width>
		<height>640</height>
		<depth>3</depth>
	</size>
	<segmented>0</segmented>
	<object>
		<name>diver</name>
		<pose>Unspecified</pose>
		<truncated>0</truncated>
		<difficult>0</difficult>
		<occluded>0</occluded>
		<bndbox>
			<xmin>108</xmin>
			<xmax>463</xmax>
			<ymin>259</ymin>
			<ymax>421</ymax>
		</bndbox>
	</object>
	<object>
		<name>rope</name>
		<pose>Unspecified</pose>
		<truncated>0</truncated>
		<difficult>0</difficult>
		<occluded>0</occluded>
		<bndbox>
			<xmin>4</xmin>
			<xmax>629</xmax>
			<ymin>230</ymin>
			<ymax>349</ymax>
		</bndbox>
		<polygon>
			<x1>627</x1>
			<y1>348.444444</y1>
			<x2>628</x2>
			<y2>327.111111</y2>
			<x3>3</x3>
			<y3>229.333333</y3>
			<x4>3</x4>
			<y4>266.666667</y4>
			<x5>627</x5>
			<y5>348.444444</y5>
		</polygon>
	</object>
	<object>
		<name>rope</name>
		<pose>Unspecified</pose>
		<truncated>0</truncated>
		<difficult>0</difficult>
		<occluded>0</occluded>
		<bndbox>
			<xmin>1</xmin>
			<xmax>453</xmax>
			<ymin>458</ymin>
			<ymax>581</ymax>
		</bndbox>
		<polygon>
			<x1>0</x1>
			<y1>536.888889</y1>
			<x2>9</x2>
			<y2>538.666667</y2>
			<x3>9</x3>
			<y3>579.555556</y3>
			<x4>452</x4>
			<y4>497.777778</y4>
			<x5>430</x5>
			<y5>456.888889</y5>
			<x6>0</x6>
			<y6>536.888889</y6>
		</polygon>
	</object>
</annotation>
