<annotation>
	<folder></folder>
	<filename>03101-3-_png.rf.cb3434eae41860c024bf44bfebaa126a.jpg</filename>
	<path>03101-3-_png.rf.cb3434eae41860c024bf44bfebaa126a.jpg</path>
	<source>
		<database>roboflow.com</database>
	</source>
	<size>
		<width>640</width>
		<height>640</height>
		<depth>3</depth>
	</size>
	<segmented>0</segmented>
	<object>
		<name>rope</name>
		<pose>Unspecified</pose>
		<truncated>0</truncated>
		<difficult>0</difficult>
		<occluded>0</occluded>
		<bndbox>
			<xmin>4</xmin>
			<xmax>627</xmax>
			<ymin>314</ymin>
			<ymax>479</ymax>
		</bndbox>
		<polygon>
			<x1>624.444444</x1>
			<y1>430</y1>
			<x2>3.333333</x2>
			<y2>313.333333</y2>
			<x3>6.666667</x3>
			<y3>353.333333</y3>
			<x4>625.555556</x4>
			<y4>478.333333</y4>
			<x5>624.444444</x5>
			<y5>430</y5>
		</polygon>
	</object>
	<object>
		<name>diver</name>
		<pose>Unspecified</pose>
		<truncated>0</truncated>
		<difficult>0</difficult>
		<occluded>0</occluded>
		<bndbox>
			<xmin>63</xmin>
			<xmax>532</xmax>
			<ymin>380</ymin>
			<ymax>570</ymax>
		</bndbox>
	</object>
</annotation>
