<annotation>
	<folder></folder>
	<filename>03101_png.rf.60c632cbf539921477628a1d6672ce10.jpg</filename>
	<path>03101_png.rf.60c632cbf539921477628a1d6672ce10.jpg</path>
	<source>
		<database>roboflow.com</database>
	</source>
	<size>
		<width>640</width>
		<height>640</height>
		<depth>3</depth>
	</size>
	<segmented>0</segmented>
	<object>
		<name>diver</name>
		<pose>Unspecified</pose>
		<truncated>0</truncated>
		<difficult>0</difficult>
		<occluded>0</occluded>
		<bndbox>
			<xmin>1</xmin>
			<xmax>339</xmax>
			<ymin>308</ymin>
			<ymax>496</ymax>
		</bndbox>
	</object>
	<object>
		<name>rope</name>
		<pose>Unspecified</pose>
		<truncated>0</truncated>
		<difficult>0</difficult>
		<occluded>0</occluded>
		<bndbox>
			<xmin>1</xmin>
			<xmax>526</xmax>
			<ymin>283</ymin>
			<ymax>533</ymax>
		</bndbox>
		<polygon>
			<x1>523.333333</x1>
			<y1>501.470588</y1>
			<x2>0</x2>
			<y2>282.352941</y2>
			<x3>1.222333</x3>
			<y3>323.529412</y3>
			<x4>525.389</x4>
			<y4>532.352941</y4>
			<x5>523.333333</x5>
			<y5>501.470588</y5>
		</polygon>
	</object>
</annotation>
