<annotation>
	<folder></folder>
	<filename>03101-2-_png.rf.dfaf24a264020bbd1da6150d6712f62b.jpg</filename>
	<path>03101-2-_png.rf.dfaf24a264020bbd1da6150d6712f62b.jpg</path>
	<source>
		<database>roboflow.com</database>
	</source>
	<size>
		<width>640</width>
		<height>640</height>
		<depth>3</depth>
	</size>
	<segmented>0</segmented>
	<object>
		<name>diver</name>
		<pose>Unspecified</pose>
		<truncated>0</truncated>
		<difficult>0</difficult>
		<occluded>0</occluded>
		<bndbox>
			<xmin>46</xmin>
			<xmax>380</xmax>
			<ymin>168</ymin>
			<ymax>476</ymax>
		</bndbox>
	</object>
	<object>
		<name>rope</name>
		<pose>Unspecified</pose>
		<truncated>0</truncated>
		<difficult>0</difficult>
		<occluded>0</occluded>
		<bndbox>
			<xmin>1</xmin>
			<xmax>573</xmax>
			<ymin>104</ymin>
			<ymax>570</ymax>
		</bndbox>
		<polygon>
			<x1>4</x1>
			<y1>103.111111</y1>
			<x2>0</x2>
			<y2>144</y2>
			<x3>555.631106</x3>
			<y3>569.346707</y3>
			<x4>572</x4>
			<y4>535.111111</y4>
			<x5>4</x5>
			<y5>103.111111</y5>
		</polygon>
	</object>
</annotation>
