<annotation>
	<folder></folder>
	<filename>03201_png.rf.100bfabbbe34dd94714011b158186e8e.jpg</filename>
	<path>03201_png.rf.100bfabbbe34dd94714011b158186e8e.jpg</path>
	<source>
		<database>roboflow.com</database>
	</source>
	<size>
		<width>640</width>
		<height>640</height>
		<depth>3</depth>
	</size>
	<segmented>0</segmented>
	<object>
		<name>diver</name>
		<pose>Unspecified</pose>
		<truncated>0</truncated>
		<difficult>0</difficult>
		<occluded>0</occluded>
		<bndbox>
			<xmin>100</xmin>
			<xmax>440</xmax>
			<ymin>248</ymin>
			<ymax>492</ymax>
		</bndbox>
	</object>
	<object>
		<name>rope</name>
		<pose>Unspecified</pose>
		<truncated>0</truncated>
		<difficult>0</difficult>
		<occluded>0</occluded>
		<bndbox>
			<xmin>1</xmin>
			<xmax>629</xmax>
			<ymin>102</ymin>
			<ymax>613</ymax>
		</bndbox>
		<polygon>
			<x1>620</x1>
			<y1>611.555556</y1>
			<x2>628</x2>
			<y2>583.111111</y2>
			<x3>9</x3>
			<y3>101.333333</y3>
			<x4>0</x4>
			<y4>136.888889</y4>
			<x5>620</x5>
			<y5>611.555556</y5>
		</polygon>
	</object>
	<object>
		<name>rope</name>
		<pose>Unspecified</pose>
		<truncated>0</truncated>
		<difficult>0</difficult>
		<occluded>0</occluded>
		<bndbox>
			<xmin>134</xmin>
			<xmax>511</xmax>
			<ymin>5</ymin>
			<ymax>389</ymax>
		</bndbox>
		<polygon>
			<x1>141</x1>
			<y1>3.555556</y1>
			<x2>133</x2>
			<y2>33.777778</y2>
			<x3>504</x3>
			<y3>387.555556</y3>
			<x4>510</x4>
			<y4>368</y4>
			<x5>141</x5>
			<y5>3.555556</y5>
		</polygon>
	</object>
</annotation>
