<annotation>
	<folder></folder>
	<filename>03301-2-_png.rf.5c84a9cdc4d5d79f35b210769597559c.jpg</filename>
	<path>03301-2-_png.rf.5c84a9cdc4d5d79f35b210769597559c.jpg</path>
	<source>
		<database>roboflow.com</database>
	</source>
	<size>
		<width>640</width>
		<height>640</height>
		<depth>3</depth>
	</size>
	<segmented>0</segmented>
	<object>
		<name>rope</name>
		<pose>Unspecified</pose>
		<truncated>0</truncated>
		<difficult>0</difficult>
		<occluded>0</occluded>
		<bndbox>
			<xmin>7</xmin>
			<xmax>641</xmax>
			<ymin>271</ymin>
			<ymax>364</ymax>
		</bndbox>
		<polygon>
			<x1>640</x1>
			<y1>325</y1>
			<x2>632.222222</x2>
			<y2>331.666667</y2>
			<x3>5.555556</x3>
			<y3>270</y3>
			<x4>6.666667</x4>
			<y4>311.666667</y4>
			<x5>628.888889</x5>
			<y5>363.333333</y5>
			<x6>640</x6>
			<y6>325</y6>
		</polygon>
	</object>
	<object>
		<name>diver</name>
		<pose>Unspecified</pose>
		<truncated>0</truncated>
		<difficult>0</difficult>
		<occluded>0</occluded>
		<bndbox>
			<xmin>1</xmin>
			<xmax>579</xmax>
			<ymin>311</ymin>
			<ymax>614</ymax>
		</bndbox>
	</object>
</annotation>
