<annotation>
	<folder></folder>
	<filename>03301_png.rf.410b073ecaba3704f0a94691404786b2.jpg</filename>
	<path>03301_png.rf.410b073ecaba3704f0a94691404786b2.jpg</path>
	<source>
		<database>roboflow.com</database>
	</source>
	<size>
		<width>640</width>
		<height>640</height>
		<depth>3</depth>
	</size>
	<segmented>0</segmented>
	<object>
		<name>diver</name>
		<pose>Unspecified</pose>
		<truncated>0</truncated>
		<difficult>0</difficult>
		<occluded>0</occluded>
		<bndbox>
			<xmin>1</xmin>
			<xmax>397</xmax>
			<ymin>295</ymin>
			<ymax>446</ymax>
		</bndbox>
	</object>
	<object>
		<name>rope</name>
		<pose>Unspecified</pose>
		<truncated>0</truncated>
		<difficult>0</difficult>
		<occluded>0</occluded>
		<bndbox>
			<xmin>1</xmin>
			<xmax>637</xmax>
			<ymin>262</ymin>
			<ymax>438</ymax>
		</bndbox>
		<polygon>
			<x1>636</x1>
			<y1>437.333333</y1>
			<x2>633</x2>
			<y2>394.666667</y2>
			<x3>11</x3>
			<y3>261.333333</y3>
			<x4>0</x4>
			<y4>295.111111</y4>
			<x5>636</x5>
			<y5>437.333333</y5>
		</polygon>
	</object>
</annotation>
