<annotation>
	<folder></folder>
	<filename>03401_png.rf.1eb7d2f9e60e82d2f331f31946b1d71a.jpg</filename>
	<path>03401_png.rf.1eb7d2f9e60e82d2f331f31946b1d71a.jpg</path>
	<source>
		<database>roboflow.com</database>
	</source>
	<size>
		<width>640</width>
		<height>640</height>
		<depth>3</depth>
	</size>
	<segmented>0</segmented>
	<object>
		<name>diver</name>
		<pose>Unspecified</pose>
		<truncated>0</truncated>
		<difficult>0</difficult>
		<occluded>0</occluded>
		<bndbox>
			<xmin>95</xmin>
			<xmax>460</xmax>
			<ymin>305</ymin>
			<ymax>453</ymax>
		</bndbox>
	</object>
	<object>
		<name>rope</name>
		<pose>Unspecified</pose>
		<truncated>0</truncated>
		<difficult>0</difficult>
		<occluded>0</occluded>
		<bndbox>
			<xmin>1</xmin>
			<xmax>627</xmax>
			<ymin>298</ymin>
			<ymax>356</ymax>
		</bndbox>
	</object>
</annotation>
