<annotation>
	<folder></folder>
	<filename>03401-2-_png.rf.61ae4e96e461b0a77ecec80e898b9da3.jpg</filename>
	<path>03401-2-_png.rf.61ae4e96e461b0a77ecec80e898b9da3.jpg</path>
	<source>
		<database>roboflow.com</database>
	</source>
	<size>
		<width>640</width>
		<height>640</height>
		<depth>3</depth>
	</size>
	<segmented>0</segmented>
	<object>
		<name>rope</name>
		<pose>Unspecified</pose>
		<truncated>0</truncated>
		<difficult>0</difficult>
		<occluded>0</occluded>
		<bndbox>
			<xmin>1</xmin>
			<xmax>634</xmax>
			<ymin>246</ymin>
			<ymax>386</ymax>
		</bndbox>
		<polygon>
			<x1>632.222222</x1>
			<y1>385</y1>
			<x2>633.333333</x2>
			<y2>353.333333</y2>
			<x3>8.888889</x3>
			<y3>245</y3>
			<x4>0</x4>
			<y4>276.666667</y4>
			<x5>632.222222</x5>
			<y5>385</y5>
		</polygon>
	</object>
	<object>
		<name>diver</name>
		<pose>Unspecified</pose>
		<truncated>0</truncated>
		<difficult>0</difficult>
		<occluded>0</occluded>
		<bndbox>
			<xmin>1</xmin>
			<xmax>511</xmax>
			<ymin>268</ymin>
			<ymax>564</ymax>
		</bndbox>
	</object>
</annotation>
