<annotation>
	<folder></folder>
	<filename>03601_png.rf.647232604e196040f58667f18a30a526.jpg</filename>
	<path>03601_png.rf.647232604e196040f58667f18a30a526.jpg</path>
	<source>
		<database>roboflow.com</database>
	</source>
	<size>
		<width>640</width>
		<height>640</height>
		<depth>3</depth>
	</size>
	<segmented>0</segmented>
	<object>
		<name>rope</name>
		<pose>Unspecified</pose>
		<truncated>0</truncated>
		<difficult>0</difficult>
		<occluded>0</occluded>
		<bndbox>
			<xmin>321</xmin>
			<xmax>344</xmax>
			<ymin>10</ymin>
			<ymax>641</ymax>
		</bndbox>
	</object>
	<object>
		<name>diver</name>
		<pose>Unspecified</pose>
		<truncated>0</truncated>
		<difficult>0</difficult>
		<occluded>0</occluded>
		<bndbox>
			<xmin>221</xmin>
			<xmax>310</xmax>
			<ymin>165</ymin>
			<ymax>577</ymax>
		</bndbox>
	</object>
</annotation>
