<annotation>
	<folder></folder>
	<filename>03901_png.rf.2da3d3889aa46b3aafb7af88e50e4f5c.jpg</filename>
	<path>03901_png.rf.2da3d3889aa46b3aafb7af88e50e4f5c.jpg</path>
	<source>
		<database>roboflow.com</database>
	</source>
	<size>
		<width>640</width>
		<height>640</height>
		<depth>3</depth>
	</size>
	<segmented>0</segmented>
	<object>
		<name>diver</name>
		<pose>Unspecified</pose>
		<truncated>0</truncated>
		<difficult>0</difficult>
		<occluded>0</occluded>
		<bndbox>
			<xmin>270</xmin>
			<xmax>352</xmax>
			<ymin>37</ymin>
			<ymax>497</ymax>
		</bndbox>
	</object>
	<object>
		<name>rope</name>
		<pose>Unspecified</pose>
		<truncated>0</truncated>
		<difficult>0</difficult>
		<occluded>0</occluded>
		<bndbox>
			<xmin>326</xmin>
			<xmax>349</xmax>
			<ymin>10</ymin>
			<ymax>641</ymax>
		</bndbox>
	</object>
</annotation>
