<annotation>
	<folder></folder>
	<filename>04001_png.rf.533242550eb0f7f7e192baa3292d3c4a.jpg</filename>
	<path>04001_png.rf.533242550eb0f7f7e192baa3292d3c4a.jpg</path>
	<source>
		<database>roboflow.com</database>
	</source>
	<size>
		<width>640</width>
		<height>640</height>
		<depth>3</depth>
	</size>
	<segmented>0</segmented>
	<object>
		<name>diver</name>
		<pose>Unspecified</pose>
		<truncated>0</truncated>
		<difficult>0</difficult>
		<occluded>0</occluded>
		<bndbox>
			<xmin>305</xmin>
			<xmax>374</xmax>
			<ymin>8</ymin>
			<ymax>618</ymax>
		</bndbox>
	</object>
	<object>
		<name>rope</name>
		<pose>Unspecified</pose>
		<truncated>0</truncated>
		<difficult>0</difficult>
		<occluded>0</occluded>
		<bndbox>
			<xmin>345</xmin>
			<xmax>369</xmax>
			<ymin>3</ymin>
			<ymax>641</ymax>
		</bndbox>
	</object>
</annotation>
