<annotation>
	<folder></folder>
	<filename>04101_png.rf.124c6c6e9161132255fdf7f21174e623.jpg</filename>
	<path>04101_png.rf.124c6c6e9161132255fdf7f21174e623.jpg</path>
	<source>
		<database>roboflow.com</database>
	</source>
	<size>
		<width>640</width>
		<height>640</height>
		<depth>3</depth>
	</size>
	<segmented>0</segmented>
	<object>
		<name>diver</name>
		<pose>Unspecified</pose>
		<truncated>0</truncated>
		<difficult>0</difficult>
		<occluded>0</occluded>
		<bndbox>
			<xmin>252</xmin>
			<xmax>322</xmax>
			<ymin>56</ymin>
			<ymax>641</ymax>
		</bndbox>
	</object>
	<object>
		<name>rope</name>
		<pose>Unspecified</pose>
		<truncated>0</truncated>
		<difficult>0</difficult>
		<occluded>0</occluded>
		<bndbox>
			<xmin>325</xmin>
			<xmax>344</xmax>
			<ymin>4</ymin>
			<ymax>641</ymax>
		</bndbox>
	</object>
</annotation>
