<annotation>
	<folder></folder>
	<filename>08701_png.rf.760da8ff7f3fc95e8500c54d30ba242a.jpg</filename>
	<path>08701_png.rf.760da8ff7f3fc95e8500c54d30ba242a.jpg</path>
	<source>
		<database>roboflow.com</database>
	</source>
	<size>
		<width>640</width>
		<height>640</height>
		<depth>3</depth>
	</size>
	<segmented>0</segmented>
	<object>
		<name>diver</name>
		<pose>Unspecified</pose>
		<truncated>0</truncated>
		<difficult>0</difficult>
		<occluded>0</occluded>
		<bndbox>
			<xmin>196</xmin>
			<xmax>307</xmax>
			<ymin>232</ymin>
			<ymax>575</ymax>
		</bndbox>
	</object>
	<object>
		<name>rope</name>
		<pose>Unspecified</pose>
		<truncated>0</truncated>
		<difficult>0</difficult>
		<occluded>0</occluded>
		<bndbox>
			<xmin>302</xmin>
			<xmax>350</xmax>
			<ymin>22</ymin>
			<ymax>629</ymax>
		</bndbox>
		<polygon>
			<x1>323</x1>
			<y1>627.555556</y1>
			<x2>349</x2>
			<y2>627.555556</y2>
			<x3>316</x3>
			<y3>21.333333</y3>
			<x4>301</x4>
			<y4>35.555556</y4>
			<x5>323</x5>
			<y5>627.555556</y5>
		</polygon>
	</object>
</annotation>
