<annotation>
	<folder></folder>
	<filename>08901_png.rf.25175bc86555314be76d27e92854b1c0.jpg</filename>
	<path>08901_png.rf.25175bc86555314be76d27e92854b1c0.jpg</path>
	<source>
		<database>roboflow.com</database>
	</source>
	<size>
		<width>640</width>
		<height>640</height>
		<depth>3</depth>
	</size>
	<segmented>0</segmented>
	<object>
		<name>diver</name>
		<pose>Unspecified</pose>
		<truncated>0</truncated>
		<difficult>0</difficult>
		<occluded>0</occluded>
		<bndbox>
			<xmin>236</xmin>
			<xmax>356</xmax>
			<ymin>72</ymin>
			<ymax>421</ymax>
		</bndbox>
	</object>
</annotation>
