<annotation>
	<folder></folder>
	<filename>09301_png.rf.bac1fe81221c926aa24ad0e53fa09481.jpg</filename>
	<path>09301_png.rf.bac1fe81221c926aa24ad0e53fa09481.jpg</path>
	<source>
		<database>roboflow.com</database>
	</source>
	<size>
		<width>640</width>
		<height>640</height>
		<depth>3</depth>
	</size>
	<segmented>0</segmented>
	<object>
		<name>diver</name>
		<pose>Unspecified</pose>
		<truncated>0</truncated>
		<difficult>0</difficult>
		<occluded>0</occluded>
		<bndbox>
			<xmin>192</xmin>
			<xmax>280</xmax>
			<ymin>127</ymin>
			<ymax>442</ymax>
		</bndbox>
	</object>
</annotation>
