<annotation>
	<folder></folder>
	<filename>09501_png.rf.7038a4eff9a23b437fcb35faeae69069.jpg</filename>
	<path>09501_png.rf.7038a4eff9a23b437fcb35faeae69069.jpg</path>
	<source>
		<database>roboflow.com</database>
	</source>
	<size>
		<width>640</width>
		<height>640</height>
		<depth>3</depth>
	</size>
	<segmented>0</segmented>
	<object>
		<name>diver</name>
		<pose>Unspecified</pose>
		<truncated>0</truncated>
		<difficult>0</difficult>
		<occluded>0</occluded>
		<bndbox>
			<xmin>250</xmin>
			<xmax>380</xmax>
			<ymin>67</ymin>
			<ymax>397</ymax>
		</bndbox>
	</object>
</annotation>
