<annotation>
	<folder></folder>
	<filename>09601_png.rf.50f5a75607dd8dd596fd7366f9efb30f.jpg</filename>
	<path>09601_png.rf.50f5a75607dd8dd596fd7366f9efb30f.jpg</path>
	<source>
		<database>roboflow.com</database>
	</source>
	<size>
		<width>640</width>
		<height>640</height>
		<depth>3</depth>
	</size>
	<segmented>0</segmented>
	<object>
		<name>diver</name>
		<pose>Unspecified</pose>
		<truncated>0</truncated>
		<difficult>0</difficult>
		<occluded>0</occluded>
		<bndbox>
			<xmin>221</xmin>
			<xmax>319</xmax>
			<ymin>118</ymin>
			<ymax>465</ymax>
		</bndbox>
	</object>
</annotation>
