<annotation>
	<folder></folder>
	<filename>09701_png.rf.4be01cb3d7f8289384ddd321bad12a8c.jpg</filename>
	<path>09701_png.rf.4be01cb3d7f8289384ddd321bad12a8c.jpg</path>
	<source>
		<database>roboflow.com</database>
	</source>
	<size>
		<width>640</width>
		<height>640</height>
		<depth>3</depth>
	</size>
	<segmented>0</segmented>
	<object>
		<name>diver</name>
		<pose>Unspecified</pose>
		<truncated>0</truncated>
		<difficult>0</difficult>
		<occluded>0</occluded>
		<bndbox>
			<xmin>234</xmin>
			<xmax>356</xmax>
			<ymin>168</ymin>
			<ymax>433</ymax>
		</bndbox>
	</object>
	<object>
		<name>rope</name>
		<pose>Unspecified</pose>
		<truncated>0</truncated>
		<difficult>0</difficult>
		<occluded>0</occluded>
		<bndbox>
			<xmin>312</xmin>
			<xmax>351</xmax>
			<ymin>10</ymin>
			<ymax>637</ymax>
		</bndbox>
		<polygon>
			<x1>330</x1>
			<y1>8.888889</y1>
			<x2>311</x2>
			<y2>21.333333</y2>
			<x3>333</x3>
			<y3>636.444444</y3>
			<x4>350</x4>
			<y4>629.333333</y4>
			<x5>330</x5>
			<y5>8.888889</y5>
		</polygon>
	</object>
</annotation>
