<annotation>
	<folder></folder>
	<filename>09801_png.rf.2e6d02ebd8659983e8825659c853a6ff.jpg</filename>
	<path>09801_png.rf.2e6d02ebd8659983e8825659c853a6ff.jpg</path>
	<source>
		<database>roboflow.com</database>
	</source>
	<size>
		<width>640</width>
		<height>640</height>
		<depth>3</depth>
	</size>
	<segmented>0</segmented>
	<object>
		<name>rope</name>
		<pose>Unspecified</pose>
		<truncated>0</truncated>
		<difficult>0</difficult>
		<occluded>0</occluded>
		<bndbox>
			<xmin>130</xmin>
			<xmax>214</xmax>
			<ymin>12</ymin>
			<ymax>630</ymax>
		</bndbox>
		<polygon>
			<x1>213</x1>
			<y1>10.666667</y1>
			<x2>194</x2>
			<y2>12.444444</y2>
			<x3>129</x3>
			<y3>629.333333</y3>
			<x4>144</x4>
			<y4>629.333333</y4>
			<x5>213</x5>
			<y5>10.666667</y5>
		</polygon>
	</object>
	<object>
		<name>diver</name>
		<pose>Unspecified</pose>
		<truncated>0</truncated>
		<difficult>0</difficult>
		<occluded>0</occluded>
		<bndbox>
			<xmin>132</xmin>
			<xmax>246</xmax>
			<ymin>101</ymin>
			<ymax>495</ymax>
		</bndbox>
	</object>
</annotation>
