<annotation>
	<folder></folder>
	<filename>09901_png.rf.3b80aea17b3ba4cc6c2b3fbe5884b271.jpg</filename>
	<path>09901_png.rf.3b80aea17b3ba4cc6c2b3fbe5884b271.jpg</path>
	<source>
		<database>roboflow.com</database>
	</source>
	<size>
		<width>640</width>
		<height>640</height>
		<depth>3</depth>
	</size>
	<segmented>0</segmented>
	<object>
		<name>diver</name>
		<pose>Unspecified</pose>
		<truncated>0</truncated>
		<difficult>0</difficult>
		<occluded>0</occluded>
		<bndbox>
			<xmin>273</xmin>
			<xmax>372</xmax>
			<ymin>118</ymin>
			<ymax>524</ymax>
		</bndbox>
	</object>
	<object>
		<name>rope</name>
		<pose>Unspecified</pose>
		<truncated>0</truncated>
		<difficult>0</difficult>
		<occluded>0</occluded>
		<bndbox>
			<xmin>320</xmin>
			<xmax>345</xmax>
			<ymin>5</ymin>
			<ymax>167</ymax>
		</bndbox>
	</object>
</annotation>
