<annotation>
	<folder></folder>
	<filename>10001_png.rf.f5874555fd0f4e8c193f51ba0df0468a.jpg</filename>
	<path>10001_png.rf.f5874555fd0f4e8c193f51ba0df0468a.jpg</path>
	<source>
		<database>roboflow.com</database>
	</source>
	<size>
		<width>640</width>
		<height>640</height>
		<depth>3</depth>
	</size>
	<segmented>0</segmented>
	<object>
		<name>diver</name>
		<pose>Unspecified</pose>
		<truncated>0</truncated>
		<difficult>0</difficult>
		<occluded>0</occluded>
		<bndbox>
			<xmin>232</xmin>
			<xmax>334</xmax>
			<ymin>141</ymin>
			<ymax>593</ymax>
		</bndbox>
	</object>
	<object>
		<name>rope</name>
		<pose>Unspecified</pose>
		<truncated>0</truncated>
		<difficult>0</difficult>
		<occluded>0</occluded>
		<bndbox>
			<xmin>312</xmin>
			<xmax>342</xmax>
			<ymin>8</ymin>
			<ymax>351</ymax>
		</bndbox>
	</object>
</annotation>
