<annotation>
	<folder></folder>
	<filename>100101_png.rf.dd3e94bccef202c1b26656cd4a073482.jpg</filename>
	<path>100101_png.rf.dd3e94bccef202c1b26656cd4a073482.jpg</path>
	<source>
		<database>roboflow.com</database>
	</source>
	<size>
		<width>640</width>
		<height>640</height>
		<depth>3</depth>
	</size>
	<segmented>0</segmented>
	<object>
		<name>rope</name>
		<pose>Unspecified</pose>
		<truncated>0</truncated>
		<difficult>0</difficult>
		<occluded>0</occluded>
		<bndbox>
			<xmin>309</xmin>
			<xmax>338</xmax>
			<ymin>1</ymin>
			<ymax>150</ymax>
		</bndbox>
	</object>
	<object>
		<name>diver</name>
		<pose>Unspecified</pose>
		<truncated>0</truncated>
		<difficult>0</difficult>
		<occluded>0</occluded>
		<bndbox>
			<xmin>290</xmin>
			<xmax>382</xmax>
			<ymin>67</ymin>
			<ymax>639</ymax>
		</bndbox>
	</object>
</annotation>
