<annotation>
	<folder></folder>
	<filename>100201_png.rf.5aaa34e1d08e00f2812a4cb42b8ac5f5.jpg</filename>
	<path>100201_png.rf.5aaa34e1d08e00f2812a4cb42b8ac5f5.jpg</path>
	<source>
		<database>roboflow.com</database>
	</source>
	<size>
		<width>640</width>
		<height>640</height>
		<depth>3</depth>
	</size>
	<segmented>0</segmented>
	<object>
		<name>diver</name>
		<pose>Unspecified</pose>
		<truncated>0</truncated>
		<difficult>0</difficult>
		<occluded>0</occluded>
		<bndbox>
			<xmin>259</xmin>
			<xmax>344</xmax>
			<ymin>6</ymin>
			<ymax>556</ymax>
		</bndbox>
	</object>
	<object>
		<name>diver</name>
		<pose>Unspecified</pose>
		<truncated>0</truncated>
		<difficult>0</difficult>
		<occluded>0</occluded>
		<bndbox>
			<xmin>313</xmin>
			<xmax>469</xmax>
			<ymin>122</ymin>
			<ymax>545</ymax>
		</bndbox>
	</object>
	<object>
		<name>rope</name>
		<pose>Unspecified</pose>
		<truncated>0</truncated>
		<difficult>0</difficult>
		<occluded>0</occluded>
		<bndbox>
			<xmin>312</xmin>
			<xmax>327</xmax>
			<ymin>3</ymin>
			<ymax>630</ymax>
		</bndbox>
	</object>
</annotation>
