<annotation>
	<folder></folder>
	<filename>100901_png.rf.708b9d8eacd607b2307a85d3909f0541.jpg</filename>
	<path>100901_png.rf.708b9d8eacd607b2307a85d3909f0541.jpg</path>
	<source>
		<database>roboflow.com</database>
	</source>
	<size>
		<width>640</width>
		<height>640</height>
		<depth>3</depth>
	</size>
	<segmented>0</segmented>
	<object>
		<name>diver</name>
		<pose>Unspecified</pose>
		<truncated>0</truncated>
		<difficult>0</difficult>
		<occluded>0</occluded>
		<bndbox>
			<xmin>245</xmin>
			<xmax>376</xmax>
			<ymin>65</ymin>
			<ymax>429</ymax>
		</bndbox>
	</object>
	<object>
		<name>diver</name>
		<pose>Unspecified</pose>
		<truncated>0</truncated>
		<difficult>0</difficult>
		<occluded>0</occluded>
		<bndbox>
			<xmin>117</xmin>
			<xmax>193</xmax>
			<ymin>264</ymin>
			<ymax>606</ymax>
		</bndbox>
	</object>
	<object>
		<name>diver</name>
		<pose>Unspecified</pose>
		<truncated>0</truncated>
		<difficult>0</difficult>
		<occluded>0</occluded>
		<bndbox>
			<xmin>348</xmin>
			<xmax>444</xmax>
			<ymin>513</ymin>
			<ymax>641</ymax>
		</bndbox>
	</object>
</annotation>
