<annotation>
	<folder></folder>
	<filename>101001_png.rf.4a332c25df4d44e1b3b4199f0613dcfd.jpg</filename>
	<path>101001_png.rf.4a332c25df4d44e1b3b4199f0613dcfd.jpg</path>
	<source>
		<database>roboflow.com</database>
	</source>
	<size>
		<width>640</width>
		<height>640</height>
		<depth>3</depth>
	</size>
	<segmented>0</segmented>
	<object>
		<name>diver</name>
		<pose>Unspecified</pose>
		<truncated>0</truncated>
		<difficult>0</difficult>
		<occluded>0</occluded>
		<bndbox>
			<xmin>179</xmin>
			<xmax>302</xmax>
			<ymin>68</ymin>
			<ymax>506</ymax>
		</bndbox>
	</object>
	<object>
		<name>diver</name>
		<pose>Unspecified</pose>
		<truncated>0</truncated>
		<difficult>0</difficult>
		<occluded>0</occluded>
		<bndbox>
			<xmin>423</xmin>
			<xmax>533</xmax>
			<ymin>367</ymin>
			<ymax>632</ymax>
		</bndbox>
	</object>
	<object>
		<name>rope</name>
		<pose>Unspecified</pose>
		<truncated>0</truncated>
		<difficult>0</difficult>
		<occluded>0</occluded>
		<bndbox>
			<xmin>273</xmin>
			<xmax>299</xmax>
			<ymin>12</ymin>
			<ymax>632</ymax>
		</bndbox>
	</object>
</annotation>
