<annotation>
	<folder></folder>
	<filename>101001-2-_png.rf.58150ddb89137c42789c69621bc2b15a.jpg</filename>
	<path>101001-2-_png.rf.58150ddb89137c42789c69621bc2b15a.jpg</path>
	<source>
		<database>roboflow.com</database>
	</source>
	<size>
		<width>640</width>
		<height>640</height>
		<depth>3</depth>
	</size>
	<segmented>0</segmented>
	<object>
		<name>diver</name>
		<pose>Unspecified</pose>
		<truncated>0</truncated>
		<difficult>0</difficult>
		<occluded>0</occluded>
		<bndbox>
			<xmin>258</xmin>
			<xmax>355</xmax>
			<ymin>12</ymin>
			<ymax>558</ymax>
		</bndbox>
	</object>
	<object>
		<name>diver</name>
		<pose>Unspecified</pose>
		<truncated>0</truncated>
		<difficult>0</difficult>
		<occluded>0</occluded>
		<bndbox>
			<xmin>1</xmin>
			<xmax>131</xmax>
			<ymin>84</ymin>
			<ymax>641</ymax>
		</bndbox>
	</object>
	<object>
		<name>rope</name>
		<pose>Unspecified</pose>
		<truncated>0</truncated>
		<difficult>0</difficult>
		<occluded>0</occluded>
		<bndbox>
			<xmin>284</xmin>
			<xmax>303</xmax>
			<ymin>1</ymin>
			<ymax>611</ymax>
		</bndbox>
	</object>
</annotation>
