<annotation>
	<folder></folder>
	<filename>10301_png.rf.df7091531e3582fa564d32c192485d26.jpg</filename>
	<path>10301_png.rf.df7091531e3582fa564d32c192485d26.jpg</path>
	<source>
		<database>roboflow.com</database>
	</source>
	<size>
		<width>640</width>
		<height>640</height>
		<depth>3</depth>
	</size>
	<segmented>0</segmented>
	<object>
		<name>diver</name>
		<pose>Unspecified</pose>
		<truncated>0</truncated>
		<difficult>0</difficult>
		<occluded>0</occluded>
		<bndbox>
			<xmin>296</xmin>
			<xmax>460</xmax>
			<ymin>292</ymin>
			<ymax>641</ymax>
		</bndbox>
	</object>
</annotation>
