<annotation>
	<folder></folder>
	<filename>10501_png.rf.040f9c0dd2d833c927b61d5dff490bd3.jpg</filename>
	<path>10501_png.rf.040f9c0dd2d833c927b61d5dff490bd3.jpg</path>
	<source>
		<database>roboflow.com</database>
	</source>
	<size>
		<width>640</width>
		<height>640</height>
		<depth>3</depth>
	</size>
	<segmented>0</segmented>
	<object>
		<name>diver</name>
		<pose>Unspecified</pose>
		<truncated>0</truncated>
		<difficult>0</difficult>
		<occluded>0</occluded>
		<bndbox>
			<xmin>328</xmin>
			<xmax>486</xmax>
			<ymin>47</ymin>
			<ymax>344</ymax>
		</bndbox>
	</object>
	<object>
		<name>diver</name>
		<pose>Unspecified</pose>
		<truncated>0</truncated>
		<difficult>0</difficult>
		<occluded>0</occluded>
		<bndbox>
			<xmin>318</xmin>
			<xmax>411</xmax>
			<ymin>330</ymin>
			<ymax>641</ymax>
		</bndbox>
	</object>
	<object>
		<name>diver</name>
		<pose>Unspecified</pose>
		<truncated>0</truncated>
		<difficult>0</difficult>
		<occluded>0</occluded>
		<bndbox>
			<xmin>209</xmin>
			<xmax>356</xmax>
			<ymin>104</ymin>
			<ymax>513</ymax>
		</bndbox>
	</object>
</annotation>
