<annotation>
	<folder></folder>
	<filename>10601_png.rf.3cee1a65e8d77c12cabbfcd2eec875b9.jpg</filename>
	<path>10601_png.rf.3cee1a65e8d77c12cabbfcd2eec875b9.jpg</path>
	<source>
		<database>roboflow.com</database>
	</source>
	<size>
		<width>640</width>
		<height>640</height>
		<depth>3</depth>
	</size>
	<segmented>0</segmented>
	<object>
		<name>diver</name>
		<pose>Unspecified</pose>
		<truncated>0</truncated>
		<difficult>0</difficult>
		<occluded>0</occluded>
		<bndbox>
			<xmin>195</xmin>
			<xmax>338</xmax>
			<ymin>60</ymin>
			<ymax>392</ymax>
		</bndbox>
	</object>
	<object>
		<name>diver</name>
		<pose>Unspecified</pose>
		<truncated>0</truncated>
		<difficult>0</difficult>
		<occluded>0</occluded>
		<bndbox>
			<xmin>301</xmin>
			<xmax>383</xmax>
			<ymin>309</ymin>
			<ymax>600</ymax>
		</bndbox>
	</object>
	<object>
		<name>diver</name>
		<pose>Unspecified</pose>
		<truncated>0</truncated>
		<difficult>0</difficult>
		<occluded>0</occluded>
		<bndbox>
			<xmin>215</xmin>
			<xmax>314</xmax>
			<ymin>282</ymin>
			<ymax>628</ymax>
		</bndbox>
	</object>
	<object>
		<name>rope</name>
		<pose>Unspecified</pose>
		<truncated>0</truncated>
		<difficult>0</difficult>
		<occluded>0</occluded>
		<bndbox>
			<xmin>345</xmin>
			<xmax>350</xmax>
			<ymin>234</ymin>
			<ymax>632</ymax>
		</bndbox>
	</object>
</annotation>
