<annotation>
	<folder></folder>
	<filename>108901_png.rf.cbe2294083e19bf050adad8344c2abb0.jpg</filename>
	<path>108901_png.rf.cbe2294083e19bf050adad8344c2abb0.jpg</path>
	<source>
		<database>roboflow.com</database>
	</source>
	<size>
		<width>640</width>
		<height>640</height>
		<depth>3</depth>
	</size>
	<segmented>0</segmented>
	<object>
		<name>diver</name>
		<pose>Unspecified</pose>
		<truncated>0</truncated>
		<difficult>0</difficult>
		<occluded>0</occluded>
		<bndbox>
			<xmin>175</xmin>
			<xmax>310</xmax>
			<ymin>133</ymin>
			<ymax>606</ymax>
		</bndbox>
	</object>
	<object>
		<name>diver</name>
		<pose>Unspecified</pose>
		<truncated>0</truncated>
		<difficult>0</difficult>
		<occluded>0</occluded>
		<bndbox>
			<xmin>362</xmin>
			<xmax>532</xmax>
			<ymin>167</ymin>
			<ymax>350</ymax>
		</bndbox>
	</object>
	<object>
		<name>rope</name>
		<pose>Unspecified</pose>
		<truncated>0</truncated>
		<difficult>0</difficult>
		<occluded>0</occluded>
		<bndbox>
			<xmin>205</xmin>
			<xmax>265</xmax>
			<ymin>5</ymin>
			<ymax>449</ymax>
		</bndbox>
	</object>
</annotation>
