<annotation>
	<folder></folder>
	<filename>109001_png.rf.6ae35e23e36dd02e568ab484b2132fa3.jpg</filename>
	<path>109001_png.rf.6ae35e23e36dd02e568ab484b2132fa3.jpg</path>
	<source>
		<database>roboflow.com</database>
	</source>
	<size>
		<width>640</width>
		<height>640</height>
		<depth>3</depth>
	</size>
	<segmented>0</segmented>
	<object>
		<name>rope</name>
		<pose>Unspecified</pose>
		<truncated>0</truncated>
		<difficult>0</difficult>
		<occluded>0</occluded>
		<bndbox>
			<xmin>274</xmin>
			<xmax>324</xmax>
			<ymin>10</ymin>
			<ymax>634</ymax>
		</bndbox>
	</object>
	<object>
		<name>diver</name>
		<pose>Unspecified</pose>
		<truncated>0</truncated>
		<difficult>0</difficult>
		<occluded>0</occluded>
		<bndbox>
			<xmin>284</xmin>
			<xmax>426</xmax>
			<ymin>167</ymin>
			<ymax>592</ymax>
		</bndbox>
	</object>
</annotation>
