<annotation>
	<folder></folder>
	<filename>109101_png.rf.6e4d1c5ea827e0d549b90392767e47af.jpg</filename>
	<path>109101_png.rf.6e4d1c5ea827e0d549b90392767e47af.jpg</path>
	<source>
		<database>roboflow.com</database>
	</source>
	<size>
		<width>640</width>
		<height>640</height>
		<depth>3</depth>
	</size>
	<segmented>0</segmented>
	<object>
		<name>diver</name>
		<pose>Unspecified</pose>
		<truncated>0</truncated>
		<difficult>0</difficult>
		<occluded>0</occluded>
		<bndbox>
			<xmin>267</xmin>
			<xmax>409</xmax>
			<ymin>102</ymin>
			<ymax>504</ymax>
		</bndbox>
	</object>
	<object>
		<name>rope</name>
		<pose>Unspecified</pose>
		<truncated>0</truncated>
		<difficult>0</difficult>
		<occluded>0</occluded>
		<bndbox>
			<xmin>235</xmin>
			<xmax>298</xmax>
			<ymin>13</ymin>
			<ymax>618</ymax>
		</bndbox>
		<polygon>
			<x1>297</x1>
			<y1>12.444444</y1>
			<x2>285</x2>
			<y2>12.444444</y2>
			<x3>234</x3>
			<y3>616.888889</y3>
			<x4>255</x4>
			<y4>615.111111</y4>
			<x5>297</x5>
			<y5>12.444444</y5>
		</polygon>
	</object>
</annotation>
