<annotation>
	<folder></folder>
	<filename>109401_png.rf.bca6b60734795aec3b55d75ab8fbae5c.jpg</filename>
	<path>109401_png.rf.bca6b60734795aec3b55d75ab8fbae5c.jpg</path>
	<source>
		<database>roboflow.com</database>
	</source>
	<size>
		<width>640</width>
		<height>640</height>
		<depth>3</depth>
	</size>
	<segmented>0</segmented>
	<object>
		<name>diver</name>
		<pose>Unspecified</pose>
		<truncated>0</truncated>
		<difficult>0</difficult>
		<occluded>0</occluded>
		<bndbox>
			<xmin>274</xmin>
			<xmax>417</xmax>
			<ymin>238</ymin>
			<ymax>599</ymax>
		</bndbox>
	</object>
	<object>
		<name>diver</name>
		<pose>Unspecified</pose>
		<truncated>0</truncated>
		<difficult>0</difficult>
		<occluded>0</occluded>
		<bndbox>
			<xmin>255</xmin>
			<xmax>363</xmax>
			<ymin>218</ymin>
			<ymax>451</ymax>
		</bndbox>
	</object>
	<object>
		<name>rope</name>
		<pose>Unspecified</pose>
		<truncated>0</truncated>
		<difficult>0</difficult>
		<occluded>0</occluded>
		<bndbox>
			<xmin>259</xmin>
			<xmax>307</xmax>
			<ymin>17</ymin>
			<ymax>460</ymax>
		</bndbox>
	</object>
</annotation>
