<annotation>
	<folder></folder>
	<filename>109601_png.rf.263284bd049200ad48ed2e9f0e61374d.jpg</filename>
	<path>109601_png.rf.263284bd049200ad48ed2e9f0e61374d.jpg</path>
	<source>
		<database>roboflow.com</database>
	</source>
	<size>
		<width>640</width>
		<height>640</height>
		<depth>3</depth>
	</size>
	<segmented>0</segmented>
	<object>
		<name>diver</name>
		<pose>Unspecified</pose>
		<truncated>0</truncated>
		<difficult>0</difficult>
		<occluded>0</occluded>
		<bndbox>
			<xmin>343</xmin>
			<xmax>494</xmax>
			<ymin>138</ymin>
			<ymax>532</ymax>
		</bndbox>
	</object>
	<object>
		<name>rope</name>
		<pose>Unspecified</pose>
		<truncated>0</truncated>
		<difficult>0</difficult>
		<occluded>0</occluded>
		<bndbox>
			<xmin>312</xmin>
			<xmax>367</xmax>
			<ymin>10</ymin>
			<ymax>623</ymax>
		</bndbox>
	</object>
</annotation>
