<annotation>
	<folder></folder>
	<filename>109701_png.rf.d10853f22ee3a9a9ae7fef14c3a256ea.jpg</filename>
	<path>109701_png.rf.d10853f22ee3a9a9ae7fef14c3a256ea.jpg</path>
	<source>
		<database>roboflow.com</database>
	</source>
	<size>
		<width>640</width>
		<height>640</height>
		<depth>3</depth>
	</size>
	<segmented>0</segmented>
	<object>
		<name>diver</name>
		<pose>Unspecified</pose>
		<truncated>0</truncated>
		<difficult>0</difficult>
		<occluded>0</occluded>
		<bndbox>
			<xmin>264</xmin>
			<xmax>400</xmax>
			<ymin>15</ymin>
			<ymax>421</ymax>
		</bndbox>
	</object>
	<object>
		<name>rope</name>
		<pose>Unspecified</pose>
		<truncated>0</truncated>
		<difficult>0</difficult>
		<occluded>0</occluded>
		<bndbox>
			<xmin>226</xmin>
			<xmax>282</xmax>
			<ymin>12</ymin>
			<ymax>623</ymax>
		</bndbox>
	</object>
</annotation>
