<annotation>
	<folder></folder>
	<filename>110101_png.rf.1692363a74e8720eb594bf3aff04d8d5.jpg</filename>
	<path>110101_png.rf.1692363a74e8720eb594bf3aff04d8d5.jpg</path>
	<source>
		<database>roboflow.com</database>
	</source>
	<size>
		<width>640</width>
		<height>640</height>
		<depth>3</depth>
	</size>
	<segmented>0</segmented>
	<object>
		<name>diver</name>
		<pose>Unspecified</pose>
		<truncated>0</truncated>
		<difficult>0</difficult>
		<occluded>0</occluded>
		<bndbox>
			<xmin>324</xmin>
			<xmax>417</xmax>
			<ymin>81</ymin>
			<ymax>520</ymax>
		</bndbox>
	</object>
	<object>
		<name>rope</name>
		<pose>Unspecified</pose>
		<truncated>0</truncated>
		<difficult>0</difficult>
		<occluded>0</occluded>
		<bndbox>
			<xmin>333</xmin>
			<xmax>373</xmax>
			<ymin>5</ymin>
			<ymax>623</ymax>
		</bndbox>
	</object>
</annotation>
