<annotation>
	<folder></folder>
	<filename>110401_png.rf.44a3abd702d5a5030614cf89f93779de.jpg</filename>
	<path>110401_png.rf.44a3abd702d5a5030614cf89f93779de.jpg</path>
	<source>
		<database>roboflow.com</database>
	</source>
	<size>
		<width>640</width>
		<height>640</height>
		<depth>3</depth>
	</size>
	<segmented>0</segmented>
	<object>
		<name>diver</name>
		<pose>Unspecified</pose>
		<truncated>0</truncated>
		<difficult>0</difficult>
		<occluded>0</occluded>
		<bndbox>
			<xmin>308</xmin>
			<xmax>393</xmax>
			<ymin>88</ymin>
			<ymax>547</ymax>
		</bndbox>
	</object>
	<object>
		<name>rope</name>
		<pose>Unspecified</pose>
		<truncated>0</truncated>
		<difficult>0</difficult>
		<occluded>0</occluded>
		<bndbox>
			<xmin>318</xmin>
			<xmax>359</xmax>
			<ymin>14</ymin>
			<ymax>631</ymax>
		</bndbox>
	</object>
</annotation>
