<annotation>
	<folder></folder>
	<filename>110701_png.rf.628817b0560d416eac6cc3df23a98df4.jpg</filename>
	<path>110701_png.rf.628817b0560d416eac6cc3df23a98df4.jpg</path>
	<source>
		<database>roboflow.com</database>
	</source>
	<size>
		<width>640</width>
		<height>640</height>
		<depth>3</depth>
	</size>
	<segmented>0</segmented>
	<object>
		<name>rope</name>
		<pose>Unspecified</pose>
		<truncated>0</truncated>
		<difficult>0</difficult>
		<occluded>0</occluded>
		<bndbox>
			<xmin>320</xmin>
			<xmax>375</xmax>
			<ymin>3</ymin>
			<ymax>641</ymax>
		</bndbox>
	</object>
	<object>
		<name>diver</name>
		<pose>Unspecified</pose>
		<truncated>0</truncated>
		<difficult>0</difficult>
		<occluded>0</occluded>
		<bndbox>
			<xmin>303</xmin>
			<xmax>378</xmax>
			<ymin>129</ymin>
			<ymax>566</ymax>
		</bndbox>
	</object>
</annotation>
