<annotation>
	<folder></folder>
	<filename>110801_png.rf.7119c17284506433460d43538a02f874.jpg</filename>
	<path>110801_png.rf.7119c17284506433460d43538a02f874.jpg</path>
	<source>
		<database>roboflow.com</database>
	</source>
	<size>
		<width>640</width>
		<height>640</height>
		<depth>3</depth>
	</size>
	<segmented>0</segmented>
	<object>
		<name>rope</name>
		<pose>Unspecified</pose>
		<truncated>0</truncated>
		<difficult>0</difficult>
		<occluded>0</occluded>
		<bndbox>
			<xmin>352</xmin>
			<xmax>376</xmax>
			<ymin>5</ymin>
			<ymax>636</ymax>
		</bndbox>
	</object>
	<object>
		<name>diver</name>
		<pose>Unspecified</pose>
		<truncated>0</truncated>
		<difficult>0</difficult>
		<occluded>0</occluded>
		<bndbox>
			<xmin>318</xmin>
			<xmax>401</xmax>
			<ymin>124</ymin>
			<ymax>565</ymax>
		</bndbox>
	</object>
</annotation>
