<annotation>
	<folder></folder>
	<filename>111101_png.rf.d13bdd80af486b41bd17e602d76cc732.jpg</filename>
	<path>111101_png.rf.d13bdd80af486b41bd17e602d76cc732.jpg</path>
	<source>
		<database>roboflow.com</database>
	</source>
	<size>
		<width>640</width>
		<height>640</height>
		<depth>3</depth>
	</size>
	<segmented>0</segmented>
	<object>
		<name>diver</name>
		<pose>Unspecified</pose>
		<truncated>0</truncated>
		<difficult>0</difficult>
		<occluded>0</occluded>
		<bndbox>
			<xmin>306</xmin>
			<xmax>380</xmax>
			<ymin>29</ymin>
			<ymax>529</ymax>
		</bndbox>
	</object>
	<object>
		<name>rope</name>
		<pose>Unspecified</pose>
		<truncated>0</truncated>
		<difficult>0</difficult>
		<occluded>0</occluded>
		<bndbox>
			<xmin>363</xmin>
			<xmax>385</xmax>
			<ymin>11</ymin>
			<ymax>641</ymax>
		</bndbox>
	</object>
</annotation>
