<annotation>
	<folder></folder>
	<filename>111801_png.rf.6f4eef52eb4080a460e5a10edb6167ce.jpg</filename>
	<path>111801_png.rf.6f4eef52eb4080a460e5a10edb6167ce.jpg</path>
	<source>
		<database>roboflow.com</database>
	</source>
	<size>
		<width>640</width>
		<height>640</height>
		<depth>3</depth>
	</size>
	<segmented>0</segmented>
	<object>
		<name>diver</name>
		<pose>Unspecified</pose>
		<truncated>0</truncated>
		<difficult>0</difficult>
		<occluded>0</occluded>
		<bndbox>
			<xmin>304</xmin>
			<xmax>379</xmax>
			<ymin>1</ymin>
			<ymax>444</ymax>
		</bndbox>
	</object>
	<object>
		<name>rope</name>
		<pose>Unspecified</pose>
		<truncated>0</truncated>
		<difficult>0</difficult>
		<occluded>0</occluded>
		<bndbox>
			<xmin>311</xmin>
			<xmax>357</xmax>
			<ymin>1</ymin>
			<ymax>625</ymax>
		</bndbox>
	</object>
</annotation>
