<annotation>
	<folder></folder>
	<filename>113001_png.rf.0e22ce96c9a2253eda22159b336dbd6e.jpg</filename>
	<path>113001_png.rf.0e22ce96c9a2253eda22159b336dbd6e.jpg</path>
	<source>
		<database>roboflow.com</database>
	</source>
	<size>
		<width>640</width>
		<height>640</height>
		<depth>3</depth>
	</size>
	<segmented>0</segmented>
	<object>
		<name>diver</name>
		<pose>Unspecified</pose>
		<truncated>0</truncated>
		<difficult>0</difficult>
		<occluded>0</occluded>
		<bndbox>
			<xmin>323</xmin>
			<xmax>377</xmax>
			<ymin>193</ymin>
			<ymax>611</ymax>
		</bndbox>
	</object>
	<object>
		<name>diver</name>
		<pose>Unspecified</pose>
		<truncated>0</truncated>
		<difficult>0</difficult>
		<occluded>0</occluded>
		<bndbox>
			<xmin>154</xmin>
			<xmax>245</xmax>
			<ymin>419</ymin>
			<ymax>641</ymax>
		</bndbox>
	</object>
	<object>
		<name>rope</name>
		<pose>Unspecified</pose>
		<truncated>0</truncated>
		<difficult>0</difficult>
		<occluded>0</occluded>
		<bndbox>
			<xmin>305</xmin>
			<xmax>318</xmax>
			<ymin>8</ymin>
			<ymax>641</ymax>
		</bndbox>
	</object>
</annotation>
