<annotation>
	<folder></folder>
	<filename>115101_png.rf.98dde5ea86af030d8dc928a86a8ff4d3.jpg</filename>
	<path>115101_png.rf.98dde5ea86af030d8dc928a86a8ff4d3.jpg</path>
	<source>
		<database>roboflow.com</database>
	</source>
	<size>
		<width>640</width>
		<height>640</height>
		<depth>3</depth>
	</size>
	<segmented>0</segmented>
	<object>
		<name>diver</name>
		<pose>Unspecified</pose>
		<truncated>0</truncated>
		<difficult>0</difficult>
		<occluded>0</occluded>
		<bndbox>
			<xmin>324</xmin>
			<xmax>376</xmax>
			<ymin>295</ymin>
			<ymax>544</ymax>
		</bndbox>
	</object>
	<object>
		<name>diver</name>
		<pose>Unspecified</pose>
		<truncated>0</truncated>
		<difficult>0</difficult>
		<occluded>0</occluded>
		<bndbox>
			<xmin>212</xmin>
			<xmax>265</xmax>
			<ymin>227</ymin>
			<ymax>317</ymax>
		</bndbox>
	</object>
	<object>
		<name>diver</name>
		<pose>Unspecified</pose>
		<truncated>0</truncated>
		<difficult>0</difficult>
		<occluded>0</occluded>
		<bndbox>
			<xmin>201</xmin>
			<xmax>275</xmax>
			<ymin>53</ymin>
			<ymax>142</ymax>
		</bndbox>
	</object>
	<object>
		<name>rope</name>
		<pose>Unspecified</pose>
		<truncated>0</truncated>
		<difficult>0</difficult>
		<occluded>0</occluded>
		<bndbox>
			<xmin>349</xmin>
			<xmax>373</xmax>
			<ymin>26</ymin>
			<ymax>641</ymax>
		</bndbox>
	</object>
</annotation>
