<annotation>
	<folder></folder>
	<filename>115301_png.rf.61ddbd99d2c3cfc75ffafca545ac3312.jpg</filename>
	<path>115301_png.rf.61ddbd99d2c3cfc75ffafca545ac3312.jpg</path>
	<source>
		<database>roboflow.com</database>
	</source>
	<size>
		<width>640</width>
		<height>640</height>
		<depth>3</depth>
	</size>
	<segmented>0</segmented>
	<object>
		<name>diver</name>
		<pose>Unspecified</pose>
		<truncated>0</truncated>
		<difficult>0</difficult>
		<occluded>0</occluded>
		<bndbox>
			<xmin>306</xmin>
			<xmax>379</xmax>
			<ymin>145</ymin>
			<ymax>408</ymax>
		</bndbox>
	</object>
	<object>
		<name>rope</name>
		<pose>Unspecified</pose>
		<truncated>0</truncated>
		<difficult>0</difficult>
		<occluded>0</occluded>
		<bndbox>
			<xmin>349</xmin>
			<xmax>383</xmax>
			<ymin>20</ymin>
			<ymax>641</ymax>
		</bndbox>
	</object>
</annotation>
