<annotation>
	<folder></folder>
	<filename>115401_png.rf.4fea91b5db82a76cf8ecdc396494754f.jpg</filename>
	<path>115401_png.rf.4fea91b5db82a76cf8ecdc396494754f.jpg</path>
	<source>
		<database>roboflow.com</database>
	</source>
	<size>
		<width>640</width>
		<height>640</height>
		<depth>3</depth>
	</size>
	<segmented>0</segmented>
	<object>
		<name>diver</name>
		<pose>Unspecified</pose>
		<truncated>0</truncated>
		<difficult>0</difficult>
		<occluded>0</occluded>
		<bndbox>
			<xmin>302</xmin>
			<xmax>386</xmax>
			<ymin>129</ymin>
			<ymax>497</ymax>
		</bndbox>
	</object>
	<object>
		<name>rope</name>
		<pose>Unspecified</pose>
		<truncated>0</truncated>
		<difficult>0</difficult>
		<occluded>0</occluded>
		<bndbox>
			<xmin>365</xmin>
			<xmax>383</xmax>
			<ymin>17</ymin>
			<ymax>641</ymax>
		</bndbox>
	</object>
</annotation>
