<annotation>
	<folder></folder>
	<filename>115601_png.rf.06b0bcf16d972ee0a1109819c3d372e4.jpg</filename>
	<path>115601_png.rf.06b0bcf16d972ee0a1109819c3d372e4.jpg</path>
	<source>
		<database>roboflow.com</database>
	</source>
	<size>
		<width>640</width>
		<height>640</height>
		<depth>3</depth>
	</size>
	<segmented>0</segmented>
	<object>
		<name>diver</name>
		<pose>Unspecified</pose>
		<truncated>0</truncated>
		<difficult>0</difficult>
		<occluded>0</occluded>
		<bndbox>
			<xmin>285</xmin>
			<xmax>358</xmax>
			<ymin>179</ymin>
			<ymax>508</ymax>
		</bndbox>
	</object>
	<object>
		<name>rope</name>
		<pose>Unspecified</pose>
		<truncated>0</truncated>
		<difficult>0</difficult>
		<occluded>0</occluded>
		<bndbox>
			<xmin>333</xmin>
			<xmax>362</xmax>
			<ymin>10</ymin>
			<ymax>641</ymax>
		</bndbox>
	</object>
</annotation>
