<annotation>
	<folder></folder>
	<filename>115701_png.rf.fee85711f08e87ca1cde415f83f8cb95.jpg</filename>
	<path>115701_png.rf.fee85711f08e87ca1cde415f83f8cb95.jpg</path>
	<source>
		<database>roboflow.com</database>
	</source>
	<size>
		<width>640</width>
		<height>640</height>
		<depth>3</depth>
	</size>
	<segmented>0</segmented>
	<object>
		<name>diver</name>
		<pose>Unspecified</pose>
		<truncated>0</truncated>
		<difficult>0</difficult>
		<occluded>0</occluded>
		<bndbox>
			<xmin>303</xmin>
			<xmax>367</xmax>
			<ymin>202</ymin>
			<ymax>543</ymax>
		</bndbox>
	</object>
	<object>
		<name>rope</name>
		<pose>Unspecified</pose>
		<truncated>0</truncated>
		<difficult>0</difficult>
		<occluded>0</occluded>
		<bndbox>
			<xmin>343</xmin>
			<xmax>367</xmax>
			<ymin>15</ymin>
			<ymax>641</ymax>
		</bndbox>
	</object>
</annotation>
