<annotation>
	<folder></folder>
	<filename>116401_png.rf.8c7f721012192362c8c2ab6b46327276.jpg</filename>
	<path>116401_png.rf.8c7f721012192362c8c2ab6b46327276.jpg</path>
	<source>
		<database>roboflow.com</database>
	</source>
	<size>
		<width>640</width>
		<height>640</height>
		<depth>3</depth>
	</size>
	<segmented>0</segmented>
	<object>
		<name>diver</name>
		<pose>Unspecified</pose>
		<truncated>0</truncated>
		<difficult>0</difficult>
		<occluded>0</occluded>
		<bndbox>
			<xmin>303</xmin>
			<xmax>386</xmax>
			<ymin>62</ymin>
			<ymax>462</ymax>
		</bndbox>
	</object>
	<object>
		<name>rope</name>
		<pose>Unspecified</pose>
		<truncated>0</truncated>
		<difficult>0</difficult>
		<occluded>0</occluded>
		<bndbox>
			<xmin>358</xmin>
			<xmax>390</xmax>
			<ymin>19</ymin>
			<ymax>641</ymax>
		</bndbox>
	</object>
</annotation>
