<annotation>
	<folder></folder>
	<filename>116801_png.rf.f7bb82fdb746fc11578e08d00f79d4c0.jpg</filename>
	<path>116801_png.rf.f7bb82fdb746fc11578e08d00f79d4c0.jpg</path>
	<source>
		<database>roboflow.com</database>
	</source>
	<size>
		<width>640</width>
		<height>640</height>
		<depth>3</depth>
	</size>
	<segmented>0</segmented>
	<object>
		<name>rope</name>
		<pose>Unspecified</pose>
		<truncated>0</truncated>
		<difficult>0</difficult>
		<occluded>0</occluded>
		<bndbox>
			<xmin>332</xmin>
			<xmax>360</xmax>
			<ymin>3</ymin>
			<ymax>641</ymax>
		</bndbox>
	</object>
	<object>
		<name>rope</name>
		<pose>Unspecified</pose>
		<truncated>0</truncated>
		<difficult>0</difficult>
		<occluded>0</occluded>
		<bndbox>
			<xmin>283</xmin>
			<xmax>391</xmax>
			<ymin>56</ymin>
			<ymax>518</ymax>
		</bndbox>
	</object>
</annotation>
