<annotation>
	<folder></folder>
	<filename>119301_png.rf.fa9375c08b3d589d6153529df4c448ee.jpg</filename>
	<path>119301_png.rf.fa9375c08b3d589d6153529df4c448ee.jpg</path>
	<source>
		<database>roboflow.com</database>
	</source>
	<size>
		<width>640</width>
		<height>640</height>
		<depth>3</depth>
	</size>
	<segmented>0</segmented>
	<object>
		<name>diver</name>
		<pose>Unspecified</pose>
		<truncated>0</truncated>
		<difficult>0</difficult>
		<occluded>0</occluded>
		<bndbox>
			<xmin>270</xmin>
			<xmax>364</xmax>
			<ymin>88</ymin>
			<ymax>609</ymax>
		</bndbox>
	</object>
</annotation>
