<annotation>
	<folder></folder>
	<filename>120001_png.rf.3ec6b6ed258477ff3adcbf1596054ef8.jpg</filename>
	<path>120001_png.rf.3ec6b6ed258477ff3adcbf1596054ef8.jpg</path>
	<source>
		<database>roboflow.com</database>
	</source>
	<size>
		<width>640</width>
		<height>640</height>
		<depth>3</depth>
	</size>
	<segmented>0</segmented>
	<object>
		<name>diver</name>
		<pose>Unspecified</pose>
		<truncated>0</truncated>
		<difficult>0</difficult>
		<occluded>0</occluded>
		<bndbox>
			<xmin>291</xmin>
			<xmax>403</xmax>
			<ymin>56</ymin>
			<ymax>590</ymax>
		</bndbox>
	</object>
	<object>
		<name>rope</name>
		<pose>Unspecified</pose>
		<truncated>0</truncated>
		<difficult>0</difficult>
		<occluded>0</occluded>
		<bndbox>
			<xmin>344</xmin>
			<xmax>374</xmax>
			<ymin>4</ymin>
			<ymax>641</ymax>
		</bndbox>
	</object>
</annotation>
