<annotation>
	<folder></folder>
	<filename>120201_png.rf.17f0bbb3893061831b7efe04e7826fde.jpg</filename>
	<path>120201_png.rf.17f0bbb3893061831b7efe04e7826fde.jpg</path>
	<source>
		<database>roboflow.com</database>
	</source>
	<size>
		<width>640</width>
		<height>640</height>
		<depth>3</depth>
	</size>
	<segmented>0</segmented>
	<object>
		<name>diver</name>
		<pose>Unspecified</pose>
		<truncated>0</truncated>
		<difficult>0</difficult>
		<occluded>0</occluded>
		<bndbox>
			<xmin>319</xmin>
			<xmax>400</xmax>
			<ymin>86</ymin>
			<ymax>641</ymax>
		</bndbox>
	</object>
	<object>
		<name>rope</name>
		<pose>Unspecified</pose>
		<truncated>0</truncated>
		<difficult>0</difficult>
		<occluded>0</occluded>
		<bndbox>
			<xmin>340</xmin>
			<xmax>369</xmax>
			<ymin>8</ymin>
			<ymax>639</ymax>
		</bndbox>
	</object>
</annotation>
