<annotation>
	<folder></folder>
	<filename>121601_png.rf.5c6277770d09004a3cf582891114cf72.jpg</filename>
	<path>121601_png.rf.5c6277770d09004a3cf582891114cf72.jpg</path>
	<source>
		<database>roboflow.com</database>
	</source>
	<size>
		<width>640</width>
		<height>640</height>
		<depth>3</depth>
	</size>
	<segmented>0</segmented>
	<object>
		<name>diver</name>
		<pose>Unspecified</pose>
		<truncated>0</truncated>
		<difficult>0</difficult>
		<occluded>0</occluded>
		<bndbox>
			<xmin>249</xmin>
			<xmax>315</xmax>
			<ymin>14</ymin>
			<ymax>428</ymax>
		</bndbox>
	</object>
	<object>
		<name>rope</name>
		<pose>Unspecified</pose>
		<truncated>0</truncated>
		<difficult>0</difficult>
		<occluded>0</occluded>
		<bndbox>
			<xmin>308</xmin>
			<xmax>335</xmax>
			<ymin>13</ymin>
			<ymax>627</ymax>
		</bndbox>
	</object>
</annotation>
