<annotation>
	<folder></folder>
	<filename>121801_png.rf.ac6db4807b164ad192f849bfe722091c.jpg</filename>
	<path>121801_png.rf.ac6db4807b164ad192f849bfe722091c.jpg</path>
	<source>
		<database>roboflow.com</database>
	</source>
	<size>
		<width>640</width>
		<height>640</height>
		<depth>3</depth>
	</size>
	<segmented>0</segmented>
	<object>
		<name>diver</name>
		<pose>Unspecified</pose>
		<truncated>0</truncated>
		<difficult>0</difficult>
		<occluded>0</occluded>
		<bndbox>
			<xmin>212</xmin>
			<xmax>351</xmax>
			<ymin>163</ymin>
			<ymax>522</ymax>
		</bndbox>
	</object>
</annotation>
