<annotation>
	<folder></folder>
	<filename>121901_png.rf.89470d9605fcaec142767e93ae9da6f7.jpg</filename>
	<path>121901_png.rf.89470d9605fcaec142767e93ae9da6f7.jpg</path>
	<source>
		<database>roboflow.com</database>
	</source>
	<size>
		<width>640</width>
		<height>640</height>
		<depth>3</depth>
	</size>
	<segmented>0</segmented>
	<object>
		<name>diver</name>
		<pose>Unspecified</pose>
		<truncated>0</truncated>
		<difficult>0</difficult>
		<occluded>0</occluded>
		<bndbox>
			<xmin>281</xmin>
			<xmax>441</xmax>
			<ymin>245</ymin>
			<ymax>568</ymax>
		</bndbox>
	</object>
</annotation>
