<annotation>
	<folder></folder>
	<filename>122101_png.rf.72de23ac11c247fba66ccf4d373e05e3.jpg</filename>
	<path>122101_png.rf.72de23ac11c247fba66ccf4d373e05e3.jpg</path>
	<source>
		<database>roboflow.com</database>
	</source>
	<size>
		<width>640</width>
		<height>640</height>
		<depth>3</depth>
	</size>
	<segmented>0</segmented>
	<object>
		<name>diver</name>
		<pose>Unspecified</pose>
		<truncated>0</truncated>
		<difficult>0</difficult>
		<occluded>0</occluded>
		<bndbox>
			<xmin>230</xmin>
			<xmax>398</xmax>
			<ymin>47</ymin>
			<ymax>378</ymax>
		</bndbox>
	</object>
</annotation>
