<annotation>
	<folder></folder>
	<filename>122201_png.rf.8587960f98f957a5981013111ce32b05.jpg</filename>
	<path>122201_png.rf.8587960f98f957a5981013111ce32b05.jpg</path>
	<source>
		<database>roboflow.com</database>
	</source>
	<size>
		<width>640</width>
		<height>640</height>
		<depth>3</depth>
	</size>
	<segmented>0</segmented>
	<object>
		<name>diver</name>
		<pose>Unspecified</pose>
		<truncated>0</truncated>
		<difficult>0</difficult>
		<occluded>0</occluded>
		<bndbox>
			<xmin>211</xmin>
			<xmax>341</xmax>
			<ymin>72</ymin>
			<ymax>426</ymax>
		</bndbox>
	</object>
</annotation>
