<annotation>
	<folder></folder>
	<filename>122301_png.rf.50478470806779a8b1041e182cf71ea5.jpg</filename>
	<path>122301_png.rf.50478470806779a8b1041e182cf71ea5.jpg</path>
	<source>
		<database>roboflow.com</database>
	</source>
	<size>
		<width>640</width>
		<height>640</height>
		<depth>3</depth>
	</size>
	<segmented>0</segmented>
	<object>
		<name>diver</name>
		<pose>Unspecified</pose>
		<truncated>0</truncated>
		<difficult>0</difficult>
		<occluded>0</occluded>
		<bndbox>
			<xmin>235</xmin>
			<xmax>377</xmax>
			<ymin>122</ymin>
			<ymax>540</ymax>
		</bndbox>
	</object>
</annotation>
