<annotation>
	<folder></folder>
	<filename>122401_png.rf.1b72db3a8a928cecea4c2281447f1853.jpg</filename>
	<path>122401_png.rf.1b72db3a8a928cecea4c2281447f1853.jpg</path>
	<source>
		<database>roboflow.com</database>
	</source>
	<size>
		<width>640</width>
		<height>640</height>
		<depth>3</depth>
	</size>
	<segmented>0</segmented>
	<object>
		<name>diver</name>
		<pose>Unspecified</pose>
		<truncated>0</truncated>
		<difficult>0</difficult>
		<occluded>0</occluded>
		<bndbox>
			<xmin>226</xmin>
			<xmax>363</xmax>
			<ymin>193</ymin>
			<ymax>554</ymax>
		</bndbox>
	</object>
</annotation>
