<annotation>
	<folder></folder>
	<filename>122501_png.rf.3524ab27699b272f7c648da06cc65e00.jpg</filename>
	<path>122501_png.rf.3524ab27699b272f7c648da06cc65e00.jpg</path>
	<source>
		<database>roboflow.com</database>
	</source>
	<size>
		<width>640</width>
		<height>640</height>
		<depth>3</depth>
	</size>
	<segmented>0</segmented>
	<object>
		<name>diver</name>
		<pose>Unspecified</pose>
		<truncated>0</truncated>
		<difficult>0</difficult>
		<occluded>0</occluded>
		<bndbox>
			<xmin>301</xmin>
			<xmax>404</xmax>
			<ymin>133</ymin>
			<ymax>524</ymax>
		</bndbox>
	</object>
</annotation>
