<annotation>
	<folder></folder>
	<filename>122601_png.rf.6c45469dc0804b0ae4f33ef2ee23ffec.jpg</filename>
	<path>122601_png.rf.6c45469dc0804b0ae4f33ef2ee23ffec.jpg</path>
	<source>
		<database>roboflow.com</database>
	</source>
	<size>
		<width>640</width>
		<height>640</height>
		<depth>3</depth>
	</size>
	<segmented>0</segmented>
	<object>
		<name>diver</name>
		<pose>Unspecified</pose>
		<truncated>0</truncated>
		<difficult>0</difficult>
		<occluded>0</occluded>
		<bndbox>
			<xmin>246</xmin>
			<xmax>391</xmax>
			<ymin>93</ymin>
			<ymax>506</ymax>
		</bndbox>
	</object>
</annotation>
