<annotation>
	<folder></folder>
	<filename>122701_png.rf.f53f4c71615b80e5688f39f504647998.jpg</filename>
	<path>122701_png.rf.f53f4c71615b80e5688f39f504647998.jpg</path>
	<source>
		<database>roboflow.com</database>
	</source>
	<size>
		<width>640</width>
		<height>640</height>
		<depth>3</depth>
	</size>
	<segmented>0</segmented>
	<object>
		<name>diver</name>
		<pose>Unspecified</pose>
		<truncated>0</truncated>
		<difficult>0</difficult>
		<occluded>0</occluded>
		<bndbox>
			<xmin>234</xmin>
			<xmax>331</xmax>
			<ymin>161</ymin>
			<ymax>552</ymax>
		</bndbox>
	</object>
</annotation>
