<annotation>
	<folder></folder>
	<filename>122801_png.rf.d2658ed8ade146844df369c7b53a6818.jpg</filename>
	<path>122801_png.rf.d2658ed8ade146844df369c7b53a6818.jpg</path>
	<source>
		<database>roboflow.com</database>
	</source>
	<size>
		<width>640</width>
		<height>640</height>
		<depth>3</depth>
	</size>
	<segmented>0</segmented>
	<object>
		<name>diver</name>
		<pose>Unspecified</pose>
		<truncated>0</truncated>
		<difficult>0</difficult>
		<occluded>0</occluded>
		<bndbox>
			<xmin>248</xmin>
			<xmax>356</xmax>
			<ymin>93</ymin>
			<ymax>506</ymax>
		</bndbox>
	</object>
</annotation>
