<annotation>
	<folder></folder>
	<filename>122901_png.rf.e27881a7d8ca87a308a501ac057f21d3.jpg</filename>
	<path>122901_png.rf.e27881a7d8ca87a308a501ac057f21d3.jpg</path>
	<source>
		<database>roboflow.com</database>
	</source>
	<size>
		<width>640</width>
		<height>640</height>
		<depth>3</depth>
	</size>
	<segmented>0</segmented>
	<object>
		<name>diver</name>
		<pose>Unspecified</pose>
		<truncated>0</truncated>
		<difficult>0</difficult>
		<occluded>0</occluded>
		<bndbox>
			<xmin>217</xmin>
			<xmax>336</xmax>
			<ymin>42</ymin>
			<ymax>564</ymax>
		</bndbox>
	</object>
</annotation>
