<annotation>
	<folder></folder>
	<filename>123001_png.rf.a7bfedc5e794327b0f9e47ee5bfd7311.jpg</filename>
	<path>123001_png.rf.a7bfedc5e794327b0f9e47ee5bfd7311.jpg</path>
	<source>
		<database>roboflow.com</database>
	</source>
	<size>
		<width>640</width>
		<height>640</height>
		<depth>3</depth>
	</size>
	<segmented>0</segmented>
	<object>
		<name>diver</name>
		<pose>Unspecified</pose>
		<truncated>0</truncated>
		<difficult>0</difficult>
		<occluded>0</occluded>
		<bndbox>
			<xmin>251</xmin>
			<xmax>353</xmax>
			<ymin>56</ymin>
			<ymax>561</ymax>
		</bndbox>
	</object>
</annotation>
