<annotation>
	<folder></folder>
	<filename>123201_png.rf.a8ff857da35d3cba40747bb94d6dc97b.jpg</filename>
	<path>123201_png.rf.a8ff857da35d3cba40747bb94d6dc97b.jpg</path>
	<source>
		<database>roboflow.com</database>
	</source>
	<size>
		<width>640</width>
		<height>640</height>
		<depth>3</depth>
	</size>
	<segmented>0</segmented>
	<object>
		<name>diver</name>
		<pose>Unspecified</pose>
		<truncated>0</truncated>
		<difficult>0</difficult>
		<occluded>0</occluded>
		<bndbox>
			<xmin>131</xmin>
			<xmax>280</xmax>
			<ymin>8</ymin>
			<ymax>442</ymax>
		</bndbox>
	</object>
	<object>
		<name>rope</name>
		<pose>Unspecified</pose>
		<truncated>0</truncated>
		<difficult>0</difficult>
		<occluded>0</occluded>
		<bndbox>
			<xmin>251</xmin>
			<xmax>273</xmax>
			<ymin>3</ymin>
			<ymax>602</ymax>
		</bndbox>
	</object>
</annotation>
