<annotation>
	<folder></folder>
	<filename>123301_png.rf.f22595e859a1c4be370c5cf03c4257ad.jpg</filename>
	<path>123301_png.rf.f22595e859a1c4be370c5cf03c4257ad.jpg</path>
	<source>
		<database>roboflow.com</database>
	</source>
	<size>
		<width>640</width>
		<height>640</height>
		<depth>3</depth>
	</size>
	<segmented>0</segmented>
	<object>
		<name>diver</name>
		<pose>Unspecified</pose>
		<truncated>0</truncated>
		<difficult>0</difficult>
		<occluded>0</occluded>
		<bndbox>
			<xmin>219</xmin>
			<xmax>349</xmax>
			<ymin>81</ymin>
			<ymax>506</ymax>
		</bndbox>
	</object>
	<object>
		<name>rope</name>
		<pose>Unspecified</pose>
		<truncated>0</truncated>
		<difficult>0</difficult>
		<occluded>0</occluded>
		<bndbox>
			<xmin>318</xmin>
			<xmax>346</xmax>
			<ymin>486</ymin>
			<ymax>641</ymax>
		</bndbox>
	</object>
</annotation>
