<annotation>
	<folder></folder>
	<filename>123401_png.rf.98a69c72e0bb7070764edea3ff350eee.jpg</filename>
	<path>123401_png.rf.98a69c72e0bb7070764edea3ff350eee.jpg</path>
	<source>
		<database>roboflow.com</database>
	</source>
	<size>
		<width>640</width>
		<height>640</height>
		<depth>3</depth>
	</size>
	<segmented>0</segmented>
	<object>
		<name>diver</name>
		<pose>Unspecified</pose>
		<truncated>0</truncated>
		<difficult>0</difficult>
		<occluded>0</occluded>
		<bndbox>
			<xmin>322</xmin>
			<xmax>445</xmax>
			<ymin>67</ymin>
			<ymax>485</ymax>
		</bndbox>
	</object>
	<object>
		<name>rope</name>
		<pose>Unspecified</pose>
		<truncated>0</truncated>
		<difficult>0</difficult>
		<occluded>0</occluded>
		<bndbox>
			<xmin>395</xmin>
			<xmax>457</xmax>
			<ymin>5</ymin>
			<ymax>614</ymax>
		</bndbox>
		<polygon>
			<x1>420</x1>
			<y1>613.333333</y1>
			<x2>456</x2>
			<y2>613.333333</y2>
			<x3>413</x3>
			<y3>3.555556</y3>
			<x4>394</x4>
			<y4>21.333333</y4>
			<x5>420</x5>
			<y5>613.333333</y5>
		</polygon>
	</object>
</annotation>
