<annotation>
	<folder></folder>
	<filename>124101_png.rf.64f8f79fb319a1cb7ed324367b871c25.jpg</filename>
	<path>124101_png.rf.64f8f79fb319a1cb7ed324367b871c25.jpg</path>
	<source>
		<database>roboflow.com</database>
	</source>
	<size>
		<width>640</width>
		<height>640</height>
		<depth>3</depth>
	</size>
	<segmented>0</segmented>
	<object>
		<name>diver</name>
		<pose>Unspecified</pose>
		<truncated>0</truncated>
		<difficult>0</difficult>
		<occluded>0</occluded>
		<bndbox>
			<xmin>290</xmin>
			<xmax>370</xmax>
			<ymin>19</ymin>
			<ymax>566</ymax>
		</bndbox>
	</object>
	<object>
		<name>rope</name>
		<pose>Unspecified</pose>
		<truncated>0</truncated>
		<difficult>0</difficult>
		<occluded>0</occluded>
		<bndbox>
			<xmin>302</xmin>
			<xmax>322</xmax>
			<ymin>5</ymin>
			<ymax>631</ymax>
		</bndbox>
	</object>
</annotation>
