<annotation>
	<folder></folder>
	<filename>124601_png.rf.543ebeb109791a09500867cfe95d5595.jpg</filename>
	<path>124601_png.rf.543ebeb109791a09500867cfe95d5595.jpg</path>
	<source>
		<database>roboflow.com</database>
	</source>
	<size>
		<width>640</width>
		<height>640</height>
		<depth>3</depth>
	</size>
	<segmented>0</segmented>
	<object>
		<name>diver</name>
		<pose>Unspecified</pose>
		<truncated>0</truncated>
		<difficult>0</difficult>
		<occluded>0</occluded>
		<bndbox>
			<xmin>289</xmin>
			<xmax>365</xmax>
			<ymin>28</ymin>
			<ymax>540</ymax>
		</bndbox>
	</object>
	<object>
		<name>rope</name>
		<pose>Unspecified</pose>
		<truncated>0</truncated>
		<difficult>0</difficult>
		<occluded>0</occluded>
		<bndbox>
			<xmin>328</xmin>
			<xmax>336</xmax>
			<ymin>8</ymin>
			<ymax>641</ymax>
		</bndbox>
	</object>
</annotation>
