<annotation>
	<folder></folder>
	<filename>124901_png.rf.e1229d88c99494c12a008c311b2a53a0.jpg</filename>
	<path>124901_png.rf.e1229d88c99494c12a008c311b2a53a0.jpg</path>
	<source>
		<database>roboflow.com</database>
	</source>
	<size>
		<width>640</width>
		<height>640</height>
		<depth>3</depth>
	</size>
	<segmented>0</segmented>
	<object>
		<name>rope</name>
		<pose>Unspecified</pose>
		<truncated>0</truncated>
		<difficult>0</difficult>
		<occluded>0</occluded>
		<bndbox>
			<xmin>323</xmin>
			<xmax>335</xmax>
			<ymin>11</ymin>
			<ymax>641</ymax>
		</bndbox>
	</object>
	<object>
		<name>diver</name>
		<pose>Unspecified</pose>
		<truncated>0</truncated>
		<difficult>0</difficult>
		<occluded>0</occluded>
		<bndbox>
			<xmin>307</xmin>
			<xmax>378</xmax>
			<ymin>55</ymin>
			<ymax>558</ymax>
		</bndbox>
	</object>
</annotation>
