<annotation>
	<folder></folder>
	<filename>125301_png.rf.3ed0e4bb745ef7c9f295f41aead249d7.jpg</filename>
	<path>125301_png.rf.3ed0e4bb745ef7c9f295f41aead249d7.jpg</path>
	<source>
		<database>roboflow.com</database>
	</source>
	<size>
		<width>640</width>
		<height>640</height>
		<depth>3</depth>
	</size>
	<segmented>0</segmented>
	<object>
		<name>diver</name>
		<pose>Unspecified</pose>
		<truncated>0</truncated>
		<difficult>0</difficult>
		<occluded>0</occluded>
		<bndbox>
			<xmin>314</xmin>
			<xmax>402</xmax>
			<ymin>145</ymin>
			<ymax>641</ymax>
		</bndbox>
	</object>
	<object>
		<name>rope</name>
		<pose>Unspecified</pose>
		<truncated>0</truncated>
		<difficult>0</difficult>
		<occluded>0</occluded>
		<bndbox>
			<xmin>295</xmin>
			<xmax>320</xmax>
			<ymin>8</ymin>
			<ymax>639</ymax>
		</bndbox>
	</object>
</annotation>
