<annotation>
	<folder></folder>
	<filename>125401_png.rf.91e8a0e4cbaa05f757301b3a1e5007a6.jpg</filename>
	<path>125401_png.rf.91e8a0e4cbaa05f757301b3a1e5007a6.jpg</path>
	<source>
		<database>roboflow.com</database>
	</source>
	<size>
		<width>640</width>
		<height>640</height>
		<depth>3</depth>
	</size>
	<segmented>0</segmented>
	<object>
		<name>diver</name>
		<pose>Unspecified</pose>
		<truncated>0</truncated>
		<difficult>0</difficult>
		<occluded>0</occluded>
		<bndbox>
			<xmin>288</xmin>
			<xmax>391</xmax>
			<ymin>125</ymin>
			<ymax>609</ymax>
		</bndbox>
	</object>
</annotation>
