<annotation>
	<folder></folder>
	<filename>125601_png.rf.bec164824f8f2a478df6751f3355a1e4.jpg</filename>
	<path>125601_png.rf.bec164824f8f2a478df6751f3355a1e4.jpg</path>
	<source>
		<database>roboflow.com</database>
	</source>
	<size>
		<width>640</width>
		<height>640</height>
		<depth>3</depth>
	</size>
	<segmented>0</segmented>
	<object>
		<name>diver</name>
		<pose>Unspecified</pose>
		<truncated>0</truncated>
		<difficult>0</difficult>
		<occluded>0</occluded>
		<bndbox>
			<xmin>156</xmin>
			<xmax>418</xmax>
			<ymin>1</ymin>
			<ymax>641</ymax>
		</bndbox>
	</object>
	<object>
		<name>rope</name>
		<pose>Unspecified</pose>
		<truncated>0</truncated>
		<difficult>0</difficult>
		<occluded>0</occluded>
		<bndbox>
			<xmin>100</xmin>
			<xmax>145</xmax>
			<ymin>17</ymin>
			<ymax>641</ymax>
		</bndbox>
	</object>
</annotation>
