<annotation>
	<folder></folder>
	<filename>125801_png.rf.846fba14a1c7175aa28e8b2c1656961d.jpg</filename>
	<path>125801_png.rf.846fba14a1c7175aa28e8b2c1656961d.jpg</path>
	<source>
		<database>roboflow.com</database>
	</source>
	<size>
		<width>640</width>
		<height>640</height>
		<depth>3</depth>
	</size>
	<segmented>0</segmented>
	<object>
		<name>diver</name>
		<pose>Unspecified</pose>
		<truncated>0</truncated>
		<difficult>0</difficult>
		<occluded>0</occluded>
		<bndbox>
			<xmin>303</xmin>
			<xmax>378</xmax>
			<ymin>51</ymin>
			<ymax>620</ymax>
		</bndbox>
	</object>
</annotation>
