<annotation>
	<folder></folder>
	<filename>125901_png.rf.eb4550f8e724ec34956ebb638e0ac59e.jpg</filename>
	<path>125901_png.rf.eb4550f8e724ec34956ebb638e0ac59e.jpg</path>
	<source>
		<database>roboflow.com</database>
	</source>
	<size>
		<width>640</width>
		<height>640</height>
		<depth>3</depth>
	</size>
	<segmented>0</segmented>
	<object>
		<name>diver</name>
		<pose>Unspecified</pose>
		<truncated>0</truncated>
		<difficult>0</difficult>
		<occluded>0</occluded>
		<bndbox>
			<xmin>316</xmin>
			<xmax>391</xmax>
			<ymin>63</ymin>
			<ymax>629</ymax>
		</bndbox>
	</object>
</annotation>
