<annotation>
	<folder></folder>
	<filename>126001_png.rf.c7ad66b58df856c0e926c337e4324d16.jpg</filename>
	<path>126001_png.rf.c7ad66b58df856c0e926c337e4324d16.jpg</path>
	<source>
		<database>roboflow.com</database>
	</source>
	<size>
		<width>640</width>
		<height>640</height>
		<depth>3</depth>
	</size>
	<segmented>0</segmented>
	<object>
		<name>diver</name>
		<pose>Unspecified</pose>
		<truncated>0</truncated>
		<difficult>0</difficult>
		<occluded>0</occluded>
		<bndbox>
			<xmin>315</xmin>
			<xmax>400</xmax>
			<ymin>52</ymin>
			<ymax>641</ymax>
		</bndbox>
	</object>
</annotation>
