<annotation>
	<folder></folder>
	<filename>126101_png.rf.3996408abdf2a7dbff672345d07917c3.jpg</filename>
	<path>126101_png.rf.3996408abdf2a7dbff672345d07917c3.jpg</path>
	<source>
		<database>roboflow.com</database>
	</source>
	<size>
		<width>640</width>
		<height>640</height>
		<depth>3</depth>
	</size>
	<segmented>0</segmented>
	<object>
		<name>diver</name>
		<pose>Unspecified</pose>
		<truncated>0</truncated>
		<difficult>0</difficult>
		<occluded>0</occluded>
		<bndbox>
			<xmin>319</xmin>
			<xmax>390</xmax>
			<ymin>1</ymin>
			<ymax>641</ymax>
		</bndbox>
	</object>
	<object>
		<name>rope</name>
		<pose>Unspecified</pose>
		<truncated>0</truncated>
		<difficult>0</difficult>
		<occluded>0</occluded>
		<bndbox>
			<xmin>288</xmin>
			<xmax>313</xmax>
			<ymin>4</ymin>
			<ymax>641</ymax>
		</bndbox>
	</object>
</annotation>
