<annotation>
	<folder></folder>
	<filename>126201_png.rf.02b14f91dd605b48005efcbda55ac4c3.jpg</filename>
	<path>126201_png.rf.02b14f91dd605b48005efcbda55ac4c3.jpg</path>
	<source>
		<database>roboflow.com</database>
	</source>
	<size>
		<width>640</width>
		<height>640</height>
		<depth>3</depth>
	</size>
	<segmented>0</segmented>
	<object>
		<name>rope</name>
		<pose>Unspecified</pose>
		<truncated>0</truncated>
		<difficult>0</difficult>
		<occluded>0</occluded>
		<bndbox>
			<xmin>282</xmin>
			<xmax>368</xmax>
			<ymin>6</ymin>
			<ymax>620</ymax>
		</bndbox>
	</object>
</annotation>
