<annotation>
	<folder></folder>
	<filename>126401_png.rf.f9bf818dd4d9750944bb6f3db6566f6e.jpg</filename>
	<path>126401_png.rf.f9bf818dd4d9750944bb6f3db6566f6e.jpg</path>
	<source>
		<database>roboflow.com</database>
	</source>
	<size>
		<width>640</width>
		<height>640</height>
		<depth>3</depth>
	</size>
	<segmented>0</segmented>
	<object>
		<name>diver</name>
		<pose>Unspecified</pose>
		<truncated>0</truncated>
		<difficult>0</difficult>
		<occluded>0</occluded>
		<bndbox>
			<xmin>326</xmin>
			<xmax>414</xmax>
			<ymin>26</ymin>
			<ymax>641</ymax>
		</bndbox>
	</object>
	<object>
		<name>diver</name>
		<pose>Unspecified</pose>
		<truncated>0</truncated>
		<difficult>0</difficult>
		<occluded>0</occluded>
		<bndbox>
			<xmin>118</xmin>
			<xmax>216</xmax>
			<ymin>165</ymin>
			<ymax>604</ymax>
		</bndbox>
	</object>
	<object>
		<name>rope</name>
		<pose>Unspecified</pose>
		<truncated>0</truncated>
		<difficult>0</difficult>
		<occluded>0</occluded>
		<bndbox>
			<xmin>329</xmin>
			<xmax>352</xmax>
			<ymin>6</ymin>
			<ymax>641</ymax>
		</bndbox>
		<polygon>
			<x1>339</x1>
			<y1>5.333333</y1>
			<x2>328</x2>
			<y2>23.111111</y2>
			<x3>339</x3>
			<y3>640</y3>
			<x4>351</x4>
			<y4>638.222222</y4>
			<x5>339</x5>
			<y5>5.333333</y5>
		</polygon>
	</object>
</annotation>
