<annotation>
	<folder></folder>
	<filename>127001_png.rf.c3aab29d2b46279b129a69c3700df786.jpg</filename>
	<path>127001_png.rf.c3aab29d2b46279b129a69c3700df786.jpg</path>
	<source>
		<database>roboflow.com</database>
	</source>
	<size>
		<width>640</width>
		<height>640</height>
		<depth>3</depth>
	</size>
	<segmented>0</segmented>
	<object>
		<name>diver</name>
		<pose>Unspecified</pose>
		<truncated>0</truncated>
		<difficult>0</difficult>
		<occluded>0</occluded>
		<bndbox>
			<xmin>1</xmin>
			<xmax>102</xmax>
			<ymin>119</ymin>
			<ymax>368</ymax>
		</bndbox>
	</object>
	<object>
		<name>diver</name>
		<pose>Unspecified</pose>
		<truncated>0</truncated>
		<difficult>0</difficult>
		<occluded>0</occluded>
		<bndbox>
			<xmin>383</xmin>
			<xmax>480</xmax>
			<ymin>225</ymin>
			<ymax>616</ymax>
		</bndbox>
	</object>
	<object>
		<name>diver</name>
		<pose>Unspecified</pose>
		<truncated>0</truncated>
		<difficult>0</difficult>
		<occluded>0</occluded>
		<bndbox>
			<xmin>252</xmin>
			<xmax>343</xmax>
			<ymin>78</ymin>
			<ymax>464</ymax>
		</bndbox>
	</object>
	<object>
		<name>diver</name>
		<pose>Unspecified</pose>
		<truncated>0</truncated>
		<difficult>0</difficult>
		<occluded>0</occluded>
		<bndbox>
			<xmin>183</xmin>
			<xmax>257</xmax>
			<ymin>353</ymin>
			<ymax>630</ymax>
		</bndbox>
	</object>
	<object>
		<name>rope</name>
		<pose>Unspecified</pose>
		<truncated>0</truncated>
		<difficult>0</difficult>
		<occluded>0</occluded>
		<bndbox>
			<xmin>339</xmin>
			<xmax>377</xmax>
			<ymin>1</ymin>
			<ymax>614</ymax>
		</bndbox>
		<polygon>
			<x1>365</x1>
			<y1>0</y1>
			<x2>347</x2>
			<y2>8.888889</y2>
			<x3>338</x3>
			<y3>613.333333</y3>
			<x4>376</x4>
			<y4>593.777778</y4>
			<x5>365</x5>
			<y5>0</y5>
		</polygon>
	</object>
</annotation>
