<annotation>
	<folder></folder>
	<filename>133401_png.rf.63abca428f1eda29772499c032ada388.jpg</filename>
	<path>133401_png.rf.63abca428f1eda29772499c032ada388.jpg</path>
	<source>
		<database>roboflow.com</database>
	</source>
	<size>
		<width>640</width>
		<height>640</height>
		<depth>3</depth>
	</size>
	<segmented>0</segmented>
	<object>
		<name>diver</name>
		<pose>Unspecified</pose>
		<truncated>0</truncated>
		<difficult>0</difficult>
		<occluded>0</occluded>
		<bndbox>
			<xmin>298</xmin>
			<xmax>376</xmax>
			<ymin>90</ymin>
			<ymax>410</ymax>
		</bndbox>
	</object>
	<object>
		<name>diver</name>
		<pose>Unspecified</pose>
		<truncated>0</truncated>
		<difficult>0</difficult>
		<occluded>0</occluded>
		<bndbox>
			<xmin>321</xmin>
			<xmax>402</xmax>
			<ymin>395</ymin>
			<ymax>641</ymax>
		</bndbox>
	</object>
	<object>
		<name>rope</name>
		<pose>Unspecified</pose>
		<truncated>0</truncated>
		<difficult>0</difficult>
		<occluded>0</occluded>
		<bndbox>
			<xmin>275</xmin>
			<xmax>319</xmax>
			<ymin>49</ymin>
			<ymax>620</ymax>
		</bndbox>
		<polygon>
			<x1>274</x1>
			<y1>618.666667</y1>
			<x2>294</x2>
			<y2>611.555556</y2>
			<x3>318</x3>
			<y3>48</y3>
			<x4>294</x4>
			<y4>72.888889</y4>
			<x5>274</x5>
			<y5>618.666667</y5>
		</polygon>
	</object>
</annotation>
