<annotation>
	<folder></folder>
	<filename>133501_png.rf.fe4fe36d674df4ea0bee15f516e1c6ea.jpg</filename>
	<path>133501_png.rf.fe4fe36d674df4ea0bee15f516e1c6ea.jpg</path>
	<source>
		<database>roboflow.com</database>
	</source>
	<size>
		<width>640</width>
		<height>640</height>
		<depth>3</depth>
	</size>
	<segmented>0</segmented>
	<object>
		<name>diver</name>
		<pose>Unspecified</pose>
		<truncated>0</truncated>
		<difficult>0</difficult>
		<occluded>0</occluded>
		<bndbox>
			<xmin>294</xmin>
			<xmax>365</xmax>
			<ymin>46</ymin>
			<ymax>382</ymax>
		</bndbox>
	</object>
	<object>
		<name>diver</name>
		<pose>Unspecified</pose>
		<truncated>0</truncated>
		<difficult>0</difficult>
		<occluded>0</occluded>
		<bndbox>
			<xmin>345</xmin>
			<xmax>414</xmax>
			<ymin>349</ymin>
			<ymax>641</ymax>
		</bndbox>
	</object>
	<object>
		<name>rope</name>
		<pose>Unspecified</pose>
		<truncated>0</truncated>
		<difficult>0</difficult>
		<occluded>0</occluded>
		<bndbox>
			<xmin>265</xmin>
			<xmax>317</xmax>
			<ymin>4</ymin>
			<ymax>641</ymax>
		</bndbox>
	</object>
</annotation>
