<annotation>
	<folder></folder>
	<filename>134301_png.rf.39aef96f8180a5ba4c5d0db3d6cdb6ee.jpg</filename>
	<path>134301_png.rf.39aef96f8180a5ba4c5d0db3d6cdb6ee.jpg</path>
	<source>
		<database>roboflow.com</database>
	</source>
	<size>
		<width>640</width>
		<height>640</height>
		<depth>3</depth>
	</size>
	<segmented>0</segmented>
	<object>
		<name>diver</name>
		<pose>Unspecified</pose>
		<truncated>0</truncated>
		<difficult>0</difficult>
		<occluded>0</occluded>
		<bndbox>
			<xmin>304</xmin>
			<xmax>376</xmax>
			<ymin>103</ymin>
			<ymax>510</ymax>
		</bndbox>
	</object>
	<object>
		<name>rope</name>
		<pose>Unspecified</pose>
		<truncated>0</truncated>
		<difficult>0</difficult>
		<occluded>0</occluded>
		<bndbox>
			<xmin>321</xmin>
			<xmax>343</xmax>
			<ymin>11</ymin>
			<ymax>641</ymax>
		</bndbox>
	</object>
</annotation>
