<annotation>
	<folder></folder>
	<filename>135601_png.rf.93f6e509e5898c56dc88512189bc01b9.jpg</filename>
	<path>135601_png.rf.93f6e509e5898c56dc88512189bc01b9.jpg</path>
	<source>
		<database>roboflow.com</database>
	</source>
	<size>
		<width>640</width>
		<height>640</height>
		<depth>3</depth>
	</size>
	<segmented>0</segmented>
	<object>
		<name>diver</name>
		<pose>Unspecified</pose>
		<truncated>0</truncated>
		<difficult>0</difficult>
		<occluded>0</occluded>
		<bndbox>
			<xmin>277</xmin>
			<xmax>379</xmax>
			<ymin>63</ymin>
			<ymax>392</ymax>
		</bndbox>
	</object>
	<object>
		<name>rope</name>
		<pose>Unspecified</pose>
		<truncated>0</truncated>
		<difficult>0</difficult>
		<occluded>0</occluded>
		<bndbox>
			<xmin>248</xmin>
			<xmax>309</xmax>
			<ymin>12</ymin>
			<ymax>623</ymax>
		</bndbox>
		<polygon>
			<x1>247</x1>
			<y1>618.666667</y1>
			<x2>260</x2>
			<y2>622.222222</y2>
			<x3>280</x3>
			<y3>407.111111</y3>
			<x4>308</x4>
			<y4>10.666667</y4>
			<x5>287</x5>
			<y5>16</y5>
			<x6>266</x6>
			<y6>410.666667</y6>
			<x7>247</x7>
			<y7>618.666667</y7>
		</polygon>
	</object>
</annotation>
