<annotation>
	<folder></folder>
	<filename>135701_png.rf.70b86811a8614e0f21a33775d373291a.jpg</filename>
	<path>135701_png.rf.70b86811a8614e0f21a33775d373291a.jpg</path>
	<source>
		<database>roboflow.com</database>
	</source>
	<size>
		<width>640</width>
		<height>640</height>
		<depth>3</depth>
	</size>
	<segmented>0</segmented>
	<object>
		<name>diver</name>
		<pose>Unspecified</pose>
		<truncated>0</truncated>
		<difficult>0</difficult>
		<occluded>0</occluded>
		<bndbox>
			<xmin>291</xmin>
			<xmax>403</xmax>
			<ymin>119</ymin>
			<ymax>494</ymax>
		</bndbox>
	</object>
	<object>
		<name>rope</name>
		<pose>Unspecified</pose>
		<truncated>0</truncated>
		<difficult>0</difficult>
		<occluded>0</occluded>
		<bndbox>
			<xmin>257</xmin>
			<xmax>325</xmax>
			<ymin>8</ymin>
			<ymax>639</ymax>
		</bndbox>
		<polygon>
			<x1>324</x1>
			<y1>7.111111</y1>
			<x2>296</x2>
			<y2>12.444444</y2>
			<x3>256</x3>
			<y3>634.666667</y3>
			<x4>272</x4>
			<y4>638.222222</y4>
			<x5>324</x5>
			<y5>7.111111</y5>
		</polygon>
	</object>
</annotation>
