<annotation>
	<folder></folder>
	<filename>135901-2-_png.rf.db265aa679d60dabfcb98d111c3e4881.jpg</filename>
	<path>135901-2-_png.rf.db265aa679d60dabfcb98d111c3e4881.jpg</path>
	<source>
		<database>roboflow.com</database>
	</source>
	<size>
		<width>640</width>
		<height>640</height>
		<depth>3</depth>
	</size>
	<segmented>0</segmented>
	<object>
		<name>rope</name>
		<pose>Unspecified</pose>
		<truncated>0</truncated>
		<difficult>0</difficult>
		<occluded>0</occluded>
		<bndbox>
			<xmin>354</xmin>
			<xmax>379</xmax>
			<ymin>15</ymin>
			<ymax>641</ymax>
		</bndbox>
	</object>
	<object>
		<name>diver</name>
		<pose>Unspecified</pose>
		<truncated>0</truncated>
		<difficult>0</difficult>
		<occluded>0</occluded>
		<bndbox>
			<xmin>294</xmin>
			<xmax>357</xmax>
			<ymin>3</ymin>
			<ymax>639</ymax>
		</bndbox>
	</object>
</annotation>
