<annotation>
	<folder></folder>
	<filename>136001-2-_png.rf.2cbc6c8da09d77eb93702d60dca75e93.jpg</filename>
	<path>136001-2-_png.rf.2cbc6c8da09d77eb93702d60dca75e93.jpg</path>
	<source>
		<database>roboflow.com</database>
	</source>
	<size>
		<width>640</width>
		<height>640</height>
		<depth>3</depth>
	</size>
	<segmented>0</segmented>
	<object>
		<name>diver</name>
		<pose>Unspecified</pose>
		<truncated>0</truncated>
		<difficult>0</difficult>
		<occluded>0</occluded>
		<bndbox>
			<xmin>288</xmin>
			<xmax>363</xmax>
			<ymin>49</ymin>
			<ymax>641</ymax>
		</bndbox>
	</object>
	<object>
		<name>rope</name>
		<pose>Unspecified</pose>
		<truncated>0</truncated>
		<difficult>0</difficult>
		<occluded>0</occluded>
		<bndbox>
			<xmin>349</xmin>
			<xmax>379</xmax>
			<ymin>13</ymin>
			<ymax>641</ymax>
		</bndbox>
	</object>
</annotation>
