<annotation>
	<folder></folder>
	<filename>136701_png.rf.ff811c655337e56fd49b6311b4caff4e.jpg</filename>
	<path>136701_png.rf.ff811c655337e56fd49b6311b4caff4e.jpg</path>
	<source>
		<database>roboflow.com</database>
	</source>
	<size>
		<width>640</width>
		<height>640</height>
		<depth>3</depth>
	</size>
	<segmented>0</segmented>
	<object>
		<name>diver</name>
		<pose>Unspecified</pose>
		<truncated>0</truncated>
		<difficult>0</difficult>
		<occluded>0</occluded>
		<bndbox>
			<xmin>325</xmin>
			<xmax>394</xmax>
			<ymin>138</ymin>
			<ymax>554</ymax>
		</bndbox>
	</object>
	<object>
		<name>rope</name>
		<pose>Unspecified</pose>
		<truncated>0</truncated>
		<difficult>0</difficult>
		<occluded>0</occluded>
		<bndbox>
			<xmin>312</xmin>
			<xmax>346</xmax>
			<ymin>13</ymin>
			<ymax>641</ymax>
		</bndbox>
	</object>
</annotation>
