<annotation>
	<folder></folder>
	<filename>137201_png.rf.cf4a23a2009936e6ad81d72b23b70768.jpg</filename>
	<path>137201_png.rf.cf4a23a2009936e6ad81d72b23b70768.jpg</path>
	<source>
		<database>roboflow.com</database>
	</source>
	<size>
		<width>640</width>
		<height>640</height>
		<depth>3</depth>
	</size>
	<segmented>0</segmented>
	<object>
		<name>diver</name>
		<pose>Unspecified</pose>
		<truncated>0</truncated>
		<difficult>0</difficult>
		<occluded>0</occluded>
		<bndbox>
			<xmin>346</xmin>
			<xmax>430</xmax>
			<ymin>21</ymin>
			<ymax>497</ymax>
		</bndbox>
	</object>
	<object>
		<name>rope</name>
		<pose>Unspecified</pose>
		<truncated>0</truncated>
		<difficult>0</difficult>
		<occluded>0</occluded>
		<bndbox>
			<xmin>332</xmin>
			<xmax>358</xmax>
			<ymin>4</ymin>
			<ymax>641</ymax>
		</bndbox>
	</object>
</annotation>
