<annotation>
	<folder></folder>
	<filename>138801_png.rf.6fe98eb8f203b02c20ea5ce4bc80059e.jpg</filename>
	<path>138801_png.rf.6fe98eb8f203b02c20ea5ce4bc80059e.jpg</path>
	<source>
		<database>roboflow.com</database>
	</source>
	<size>
		<width>640</width>
		<height>640</height>
		<depth>3</depth>
	</size>
	<segmented>0</segmented>
	<object>
		<name>rope</name>
		<pose>Unspecified</pose>
		<truncated>0</truncated>
		<difficult>0</difficult>
		<occluded>0</occluded>
		<bndbox>
			<xmin>364</xmin>
			<xmax>392</xmax>
			<ymin>24</ymin>
			<ymax>641</ymax>
		</bndbox>
	</object>
	<object>
		<name>diver</name>
		<pose>Unspecified</pose>
		<truncated>0</truncated>
		<difficult>0</difficult>
		<occluded>0</occluded>
		<bndbox>
			<xmin>281</xmin>
			<xmax>373</xmax>
			<ymin>202</ymin>
			<ymax>641</ymax>
		</bndbox>
	</object>
</annotation>
