<annotation>
	<folder></folder>
	<filename>139001_png.rf.b71f17689b4acebd55ad82aa54a40b94.jpg</filename>
	<path>139001_png.rf.b71f17689b4acebd55ad82aa54a40b94.jpg</path>
	<source>
		<database>roboflow.com</database>
	</source>
	<size>
		<width>640</width>
		<height>640</height>
		<depth>3</depth>
	</size>
	<segmented>0</segmented>
	<object>
		<name>rope</name>
		<pose>Unspecified</pose>
		<truncated>0</truncated>
		<difficult>0</difficult>
		<occluded>0</occluded>
		<bndbox>
			<xmin>345</xmin>
			<xmax>367</xmax>
			<ymin>11</ymin>
			<ymax>641</ymax>
		</bndbox>
	</object>
	<object>
		<name>diver</name>
		<pose>Unspecified</pose>
		<truncated>0</truncated>
		<difficult>0</difficult>
		<occluded>0</occluded>
		<bndbox>
			<xmin>267</xmin>
			<xmax>372</xmax>
			<ymin>132</ymin>
			<ymax>602</ymax>
		</bndbox>
	</object>
</annotation>
