<annotation>
	<folder></folder>
	<filename>139401-2-_png.rf.ba4620e45c5c86ed60b233ed7336161b.jpg</filename>
	<path>139401-2-_png.rf.ba4620e45c5c86ed60b233ed7336161b.jpg</path>
	<source>
		<database>roboflow.com</database>
	</source>
	<size>
		<width>640</width>
		<height>640</height>
		<depth>3</depth>
	</size>
	<segmented>0</segmented>
	<object>
		<name>diver</name>
		<pose>Unspecified</pose>
		<truncated>0</truncated>
		<difficult>0</difficult>
		<occluded>0</occluded>
		<bndbox>
			<xmin>286</xmin>
			<xmax>347</xmax>
			<ymin>30</ymin>
			<ymax>348</ymax>
		</bndbox>
	</object>
	<object>
		<name>diver</name>
		<pose>Unspecified</pose>
		<truncated>0</truncated>
		<difficult>0</difficult>
		<occluded>0</occluded>
		<bndbox>
			<xmin>324</xmin>
			<xmax>377</xmax>
			<ymin>382</ymin>
			<ymax>631</ymax>
		</bndbox>
	</object>
	<object>
		<name>rope</name>
		<pose>Unspecified</pose>
		<truncated>0</truncated>
		<difficult>0</difficult>
		<occluded>0</occluded>
		<bndbox>
			<xmin>264</xmin>
			<xmax>304</xmax>
			<ymin>8</ymin>
			<ymax>632</ymax>
		</bndbox>
	</object>
</annotation>
