<annotation>
	<folder></folder>
	<filename>139501_png.rf.4ceca36591f8bfc49a489c24ded34c77.jpg</filename>
	<path>139501_png.rf.4ceca36591f8bfc49a489c24ded34c77.jpg</path>
	<source>
		<database>roboflow.com</database>
	</source>
	<size>
		<width>640</width>
		<height>640</height>
		<depth>3</depth>
	</size>
	<segmented>0</segmented>
	<object>
		<name>diver</name>
		<pose>Unspecified</pose>
		<truncated>0</truncated>
		<difficult>0</difficult>
		<occluded>0</occluded>
		<bndbox>
			<xmin>300</xmin>
			<xmax>393</xmax>
			<ymin>67</ymin>
			<ymax>613</ymax>
		</bndbox>
	</object>
	<object>
		<name>rope</name>
		<pose>Unspecified</pose>
		<truncated>0</truncated>
		<difficult>0</difficult>
		<occluded>0</occluded>
		<bndbox>
			<xmin>347</xmin>
			<xmax>361</xmax>
			<ymin>29</ymin>
			<ymax>641</ymax>
		</bndbox>
	</object>
</annotation>
