<annotation>
	<folder></folder>
	<filename>140201_png.rf.bc0305fde1ff831abd9be52b0f9ca686.jpg</filename>
	<path>140201_png.rf.bc0305fde1ff831abd9be52b0f9ca686.jpg</path>
	<source>
		<database>roboflow.com</database>
	</source>
	<size>
		<width>640</width>
		<height>640</height>
		<depth>3</depth>
	</size>
	<segmented>0</segmented>
	<object>
		<name>rope</name>
		<pose>Unspecified</pose>
		<truncated>0</truncated>
		<difficult>0</difficult>
		<occluded>0</occluded>
		<bndbox>
			<xmin>341</xmin>
			<xmax>369</xmax>
			<ymin>6</ymin>
			<ymax>641</ymax>
		</bndbox>
	</object>
	<object>
		<name>diver</name>
		<pose>Unspecified</pose>
		<truncated>0</truncated>
		<difficult>0</difficult>
		<occluded>0</occluded>
		<bndbox>
			<xmin>343</xmin>
			<xmax>434</xmax>
			<ymin>62</ymin>
			<ymax>622</ymax>
		</bndbox>
	</object>
</annotation>
