<annotation>
	<folder></folder>
	<filename>140401_png.rf.55e0a5177bd3dbaab9ddc6f8e48c778f.jpg</filename>
	<path>140401_png.rf.55e0a5177bd3dbaab9ddc6f8e48c778f.jpg</path>
	<source>
		<database>roboflow.com</database>
	</source>
	<size>
		<width>640</width>
		<height>640</height>
		<depth>3</depth>
	</size>
	<segmented>0</segmented>
	<object>
		<name>rope</name>
		<pose>Unspecified</pose>
		<truncated>0</truncated>
		<difficult>0</difficult>
		<occluded>0</occluded>
		<bndbox>
			<xmin>307</xmin>
			<xmax>328</xmax>
			<ymin>10</ymin>
			<ymax>641</ymax>
		</bndbox>
	</object>
	<object>
		<name>diver</name>
		<pose>Unspecified</pose>
		<truncated>0</truncated>
		<difficult>0</difficult>
		<occluded>0</occluded>
		<bndbox>
			<xmin>278</xmin>
			<xmax>365</xmax>
			<ymin>184</ymin>
			<ymax>641</ymax>
		</bndbox>
	</object>
</annotation>
