<annotation>
	<folder></folder>
	<filename>140901_png.rf.169d4144bf3aa1dc2a33c5313ce59c6e.jpg</filename>
	<path>140901_png.rf.169d4144bf3aa1dc2a33c5313ce59c6e.jpg</path>
	<source>
		<database>roboflow.com</database>
	</source>
	<size>
		<width>640</width>
		<height>640</height>
		<depth>3</depth>
	</size>
	<segmented>0</segmented>
	<object>
		<name>diver</name>
		<pose>Unspecified</pose>
		<truncated>0</truncated>
		<difficult>0</difficult>
		<occluded>0</occluded>
		<bndbox>
			<xmin>278</xmin>
			<xmax>431</xmax>
			<ymin>392</ymin>
			<ymax>641</ymax>
		</bndbox>
	</object>
	<object>
		<name>diver</name>
		<pose>Unspecified</pose>
		<truncated>0</truncated>
		<difficult>0</difficult>
		<occluded>0</occluded>
		<bndbox>
			<xmin>270</xmin>
			<xmax>352</xmax>
			<ymin>291</ymin>
			<ymax>552</ymax>
		</bndbox>
	</object>
	<object>
		<name>rope</name>
		<pose>Unspecified</pose>
		<truncated>0</truncated>
		<difficult>0</difficult>
		<occluded>0</occluded>
		<bndbox>
			<xmin>309</xmin>
			<xmax>329</xmax>
			<ymin>3</ymin>
			<ymax>641</ymax>
		</bndbox>
	</object>
</annotation>
