<annotation>
	<folder></folder>
	<filename>142201_png.rf.000c0e7d18729e3809f2fc8a368e6e92.jpg</filename>
	<path>142201_png.rf.000c0e7d18729e3809f2fc8a368e6e92.jpg</path>
	<source>
		<database>roboflow.com</database>
	</source>
	<size>
		<width>640</width>
		<height>640</height>
		<depth>3</depth>
	</size>
	<segmented>0</segmented>
	<object>
		<name>diver</name>
		<pose>Unspecified</pose>
		<truncated>0</truncated>
		<difficult>0</difficult>
		<occluded>0</occluded>
		<bndbox>
			<xmin>376</xmin>
			<xmax>505</xmax>
			<ymin>287</ymin>
			<ymax>641</ymax>
		</bndbox>
	</object>
	<object>
		<name>diver</name>
		<pose>Unspecified</pose>
		<truncated>0</truncated>
		<difficult>0</difficult>
		<occluded>0</occluded>
		<bndbox>
			<xmin>291</xmin>
			<xmax>447</xmax>
			<ymin>250</ymin>
			<ymax>641</ymax>
		</bndbox>
	</object>
	<object>
		<name>diver</name>
		<pose>Unspecified</pose>
		<truncated>0</truncated>
		<difficult>0</difficult>
		<occluded>0</occluded>
		<bndbox>
			<xmin>290</xmin>
			<xmax>454</xmax>
			<ymin>122</ymin>
			<ymax>447</ymax>
		</bndbox>
	</object>
	<object>
		<name>diver</name>
		<pose>Unspecified</pose>
		<truncated>0</truncated>
		<difficult>0</difficult>
		<occluded>0</occluded>
		<bndbox>
			<xmin>179</xmin>
			<xmax>300</xmax>
			<ymin>326</ymin>
			<ymax>620</ymax>
		</bndbox>
	</object>
	<object>
		<name>diver</name>
		<pose>Unspecified</pose>
		<truncated>0</truncated>
		<difficult>0</difficult>
		<occluded>0</occluded>
		<bndbox>
			<xmin>1</xmin>
			<xmax>186</xmax>
			<ymin>225</ymin>
			<ymax>579</ymax>
		</bndbox>
	</object>
	<object>
		<name>rope</name>
		<pose>Unspecified</pose>
		<truncated>0</truncated>
		<difficult>0</difficult>
		<occluded>0</occluded>
		<bndbox>
			<xmin>295</xmin>
			<xmax>329</xmax>
			<ymin>13</ymin>
			<ymax>641</ymax>
		</bndbox>
	</object>
</annotation>
