<annotation>
	<folder></folder>
	<filename>148201_png.rf.66250ae8ff9aa8fa1f2811af4cf71dc1.jpg</filename>
	<path>148201_png.rf.66250ae8ff9aa8fa1f2811af4cf71dc1.jpg</path>
	<source>
		<database>roboflow.com</database>
	</source>
	<size>
		<width>640</width>
		<height>640</height>
		<depth>3</depth>
	</size>
	<segmented>0</segmented>
	<object>
		<name>diver</name>
		<pose>Unspecified</pose>
		<truncated>0</truncated>
		<difficult>0</difficult>
		<occluded>0</occluded>
		<bndbox>
			<xmin>177</xmin>
			<xmax>302</xmax>
			<ymin>94</ymin>
			<ymax>590</ymax>
		</bndbox>
	</object>
</annotation>
