<annotation>
	<folder></folder>
	<filename>148401_png.rf.c54e9fd686f55fca6b571d97972f7889.jpg</filename>
	<path>148401_png.rf.c54e9fd686f55fca6b571d97972f7889.jpg</path>
	<source>
		<database>roboflow.com</database>
	</source>
	<size>
		<width>640</width>
		<height>640</height>
		<depth>3</depth>
	</size>
	<segmented>0</segmented>
	<object>
		<name>diver</name>
		<pose>Unspecified</pose>
		<truncated>0</truncated>
		<difficult>0</difficult>
		<occluded>0</occluded>
		<bndbox>
			<xmin>231</xmin>
			<xmax>350</xmax>
			<ymin>108</ymin>
			<ymax>552</ymax>
		</bndbox>
	</object>
	<object>
		<name>rope</name>
		<pose>Unspecified</pose>
		<truncated>0</truncated>
		<difficult>0</difficult>
		<occluded>0</occluded>
		<bndbox>
			<xmin>338</xmin>
			<xmax>351</xmax>
			<ymin>309</ymin>
			<ymax>631</ymax>
		</bndbox>
	</object>
</annotation>
