<annotation>
	<folder></folder>
	<filename>148601_png.rf.6b53bd89da75f2a8ab6e63aa9b851a52.jpg</filename>
	<path>148601_png.rf.6b53bd89da75f2a8ab6e63aa9b851a52.jpg</path>
	<source>
		<database>roboflow.com</database>
	</source>
	<size>
		<width>640</width>
		<height>640</height>
		<depth>3</depth>
	</size>
	<segmented>0</segmented>
	<object>
		<name>diver</name>
		<pose>Unspecified</pose>
		<truncated>0</truncated>
		<difficult>0</difficult>
		<occluded>0</occluded>
		<bndbox>
			<xmin>162</xmin>
			<xmax>278</xmax>
			<ymin>181</ymin>
			<ymax>575</ymax>
		</bndbox>
	</object>
	<object>
		<name>rope</name>
		<pose>Unspecified</pose>
		<truncated>0</truncated>
		<difficult>0</difficult>
		<occluded>0</occluded>
		<bndbox>
			<xmin>230</xmin>
			<xmax>279</xmax>
			<ymin>154</ymin>
			<ymax>641</ymax>
		</bndbox>
	</object>
</annotation>
