<annotation>
	<folder></folder>
	<filename>148701_png.rf.761a95f99662f6ecd551d6f1438e5777.jpg</filename>
	<path>148701_png.rf.761a95f99662f6ecd551d6f1438e5777.jpg</path>
	<source>
		<database>roboflow.com</database>
	</source>
	<size>
		<width>640</width>
		<height>640</height>
		<depth>3</depth>
	</size>
	<segmented>0</segmented>
	<object>
		<name>diver</name>
		<pose>Unspecified</pose>
		<truncated>0</truncated>
		<difficult>0</difficult>
		<occluded>0</occluded>
		<bndbox>
			<xmin>252</xmin>
			<xmax>361</xmax>
			<ymin>211</ymin>
			<ymax>573</ymax>
		</bndbox>
	</object>
	<object>
		<name>rope</name>
		<pose>Unspecified</pose>
		<truncated>0</truncated>
		<difficult>0</difficult>
		<occluded>0</occluded>
		<bndbox>
			<xmin>319</xmin>
			<xmax>368</xmax>
			<ymin>19</ymin>
			<ymax>641</ymax>
		</bndbox>
	</object>
</annotation>
