<annotation>
	<folder></folder>
	<filename>148801_png.rf.ca577c6b34f3ab96fdf950059af76a78.jpg</filename>
	<path>148801_png.rf.ca577c6b34f3ab96fdf950059af76a78.jpg</path>
	<source>
		<database>roboflow.com</database>
	</source>
	<size>
		<width>640</width>
		<height>640</height>
		<depth>3</depth>
	</size>
	<segmented>0</segmented>
	<object>
		<name>diver</name>
		<pose>Unspecified</pose>
		<truncated>0</truncated>
		<difficult>0</difficult>
		<occluded>0</occluded>
		<bndbox>
			<xmin>181</xmin>
			<xmax>312</xmax>
			<ymin>193</ymin>
			<ymax>556</ymax>
		</bndbox>
	</object>
</annotation>
