<annotation>
	<folder></folder>
	<filename>148901_png.rf.98bf253b102980c45cb217f07523df06.jpg</filename>
	<path>148901_png.rf.98bf253b102980c45cb217f07523df06.jpg</path>
	<source>
		<database>roboflow.com</database>
	</source>
	<size>
		<width>640</width>
		<height>640</height>
		<depth>3</depth>
	</size>
	<segmented>0</segmented>
	<object>
		<name>diver</name>
		<pose>Unspecified</pose>
		<truncated>0</truncated>
		<difficult>0</difficult>
		<occluded>0</occluded>
		<bndbox>
			<xmin>207</xmin>
			<xmax>323</xmax>
			<ymin>168</ymin>
			<ymax>502</ymax>
		</bndbox>
	</object>
</annotation>
