<annotation>
	<folder></folder>
	<filename>149101_png.rf.847c7f69ab7e1ec6e161e9daa973a88d.jpg</filename>
	<path>149101_png.rf.847c7f69ab7e1ec6e161e9daa973a88d.jpg</path>
	<source>
		<database>roboflow.com</database>
	</source>
	<size>
		<width>640</width>
		<height>640</height>
		<depth>3</depth>
	</size>
	<segmented>0</segmented>
	<object>
		<name>diver</name>
		<pose>Unspecified</pose>
		<truncated>0</truncated>
		<difficult>0</difficult>
		<occluded>0</occluded>
		<bndbox>
			<xmin>263</xmin>
			<xmax>392</xmax>
			<ymin>133</ymin>
			<ymax>595</ymax>
		</bndbox>
	</object>
</annotation>
