<annotation>
	<folder></folder>
	<filename>149201_png.rf.b7deae4c3a854b5e159f4468d0d301b6.jpg</filename>
	<path>149201_png.rf.b7deae4c3a854b5e159f4468d0d301b6.jpg</path>
	<source>
		<database>roboflow.com</database>
	</source>
	<size>
		<width>640</width>
		<height>640</height>
		<depth>3</depth>
	</size>
	<segmented>0</segmented>
	<object>
		<name>diver</name>
		<pose>Unspecified</pose>
		<truncated>0</truncated>
		<difficult>0</difficult>
		<occluded>0</occluded>
		<bndbox>
			<xmin>208</xmin>
			<xmax>377</xmax>
			<ymin>26</ymin>
			<ymax>582</ymax>
		</bndbox>
	</object>
</annotation>
