<annotation>
	<folder></folder>
	<filename>149401_png.rf.ed4ca917f44f34bf54816981a33ee7b8.jpg</filename>
	<path>149401_png.rf.ed4ca917f44f34bf54816981a33ee7b8.jpg</path>
	<source>
		<database>roboflow.com</database>
	</source>
	<size>
		<width>640</width>
		<height>640</height>
		<depth>3</depth>
	</size>
	<segmented>0</segmented>
	<object>
		<name>diver</name>
		<pose>Unspecified</pose>
		<truncated>0</truncated>
		<difficult>0</difficult>
		<occluded>0</occluded>
		<bndbox>
			<xmin>193</xmin>
			<xmax>349</xmax>
			<ymin>40</ymin>
			<ymax>584</ymax>
		</bndbox>
	</object>
</annotation>
