<annotation>
	<folder></folder>
	<filename>149501_png.rf.17a3eb218af729c173f82cc2563fe195.jpg</filename>
	<path>149501_png.rf.17a3eb218af729c173f82cc2563fe195.jpg</path>
	<source>
		<database>roboflow.com</database>
	</source>
	<size>
		<width>640</width>
		<height>640</height>
		<depth>3</depth>
	</size>
	<segmented>0</segmented>
	<object>
		<name>diver</name>
		<pose>Unspecified</pose>
		<truncated>0</truncated>
		<difficult>0</difficult>
		<occluded>0</occluded>
		<bndbox>
			<xmin>208</xmin>
			<xmax>358</xmax>
			<ymin>53</ymin>
			<ymax>540</ymax>
		</bndbox>
	</object>
</annotation>
