<annotation>
	<folder></folder>
	<filename>149701_png.rf.3f4b1aa1469ad16e6f7164caf788961f.jpg</filename>
	<path>149701_png.rf.3f4b1aa1469ad16e6f7164caf788961f.jpg</path>
	<source>
		<database>roboflow.com</database>
	</source>
	<size>
		<width>640</width>
		<height>640</height>
		<depth>3</depth>
	</size>
	<segmented>0</segmented>
	<object>
		<name>diver</name>
		<pose>Unspecified</pose>
		<truncated>0</truncated>
		<difficult>0</difficult>
		<occluded>0</occluded>
		<bndbox>
			<xmin>283</xmin>
			<xmax>401</xmax>
			<ymin>65</ymin>
			<ymax>534</ymax>
		</bndbox>
	</object>
</annotation>
