<annotation>
	<folder></folder>
	<filename>150101_png.rf.5c2e5e584ac6e30b1f806e6462b1557e.jpg</filename>
	<path>150101_png.rf.5c2e5e584ac6e30b1f806e6462b1557e.jpg</path>
	<source>
		<database>roboflow.com</database>
	</source>
	<size>
		<width>640</width>
		<height>640</height>
		<depth>3</depth>
	</size>
	<segmented>0</segmented>
	<object>
		<name>diver</name>
		<pose>Unspecified</pose>
		<truncated>0</truncated>
		<difficult>0</difficult>
		<occluded>0</occluded>
		<bndbox>
			<xmin>299</xmin>
			<xmax>391</xmax>
			<ymin>83</ymin>
			<ymax>543</ymax>
		</bndbox>
	</object>
	<object>
		<name>rope</name>
		<pose>Unspecified</pose>
		<truncated>0</truncated>
		<difficult>0</difficult>
		<occluded>0</occluded>
		<bndbox>
			<xmin>311</xmin>
			<xmax>364</xmax>
			<ymin>3</ymin>
			<ymax>637</ymax>
		</bndbox>
	</object>
</annotation>
