<annotation>
	<folder></folder>
	<filename>150601_png.rf.06deb758f029c3a00393f7c0f08742a1.jpg</filename>
	<path>150601_png.rf.06deb758f029c3a00393f7c0f08742a1.jpg</path>
	<source>
		<database>roboflow.com</database>
	</source>
	<size>
		<width>640</width>
		<height>640</height>
		<depth>3</depth>
	</size>
	<segmented>0</segmented>
	<object>
		<name>diver</name>
		<pose>Unspecified</pose>
		<truncated>0</truncated>
		<difficult>0</difficult>
		<occluded>0</occluded>
		<bndbox>
			<xmin>303</xmin>
			<xmax>393</xmax>
			<ymin>83</ymin>
			<ymax>518</ymax>
		</bndbox>
	</object>
	<object>
		<name>rope</name>
		<pose>Unspecified</pose>
		<truncated>0</truncated>
		<difficult>0</difficult>
		<occluded>0</occluded>
		<bndbox>
			<xmin>286</xmin>
			<xmax>337</xmax>
			<ymin>1</ymin>
			<ymax>538</ymax>
		</bndbox>
	</object>
</annotation>
