<annotation>
	<folder></folder>
	<filename>150801-2-_png.rf.9e46d1062561e2382fc644fb51189874.jpg</filename>
	<path>150801-2-_png.rf.9e46d1062561e2382fc644fb51189874.jpg</path>
	<source>
		<database>roboflow.com</database>
	</source>
	<size>
		<width>640</width>
		<height>640</height>
		<depth>3</depth>
	</size>
	<segmented>0</segmented>
	<object>
		<name>diver</name>
		<pose>Unspecified</pose>
		<truncated>0</truncated>
		<difficult>0</difficult>
		<occluded>0</occluded>
		<bndbox>
			<xmin>294</xmin>
			<xmax>396</xmax>
			<ymin>232</ymin>
			<ymax>499</ymax>
		</bndbox>
	</object>
	<object>
		<name>diver</name>
		<pose>Unspecified</pose>
		<truncated>0</truncated>
		<difficult>0</difficult>
		<occluded>0</occluded>
		<bndbox>
			<xmin>180</xmin>
			<xmax>251</xmax>
			<ymin>120</ymin>
			<ymax>319</ymax>
		</bndbox>
	</object>
	<object>
		<name>diver</name>
		<pose>Unspecified</pose>
		<truncated>0</truncated>
		<difficult>0</difficult>
		<occluded>0</occluded>
		<bndbox>
			<xmin>262</xmin>
			<xmax>400</xmax>
			<ymin>117</ymin>
			<ymax>241</ymax>
		</bndbox>
	</object>
	<object>
		<name>diver</name>
		<pose>Unspecified</pose>
		<truncated>0</truncated>
		<difficult>0</difficult>
		<occluded>0</occluded>
		<bndbox>
			<xmin>462</xmin>
			<xmax>519</xmax>
			<ymin>209</ymin>
			<ymax>284</ymax>
		</bndbox>
	</object>
	<object>
		<name>diver</name>
		<pose>Unspecified</pose>
		<truncated>0</truncated>
		<difficult>0</difficult>
		<occluded>0</occluded>
		<bndbox>
			<xmin>337</xmin>
			<xmax>438</xmax>
			<ymin>5</ymin>
			<ymax>222</ymax>
		</bndbox>
	</object>
	<object>
		<name>diver</name>
		<pose>Unspecified</pose>
		<truncated>0</truncated>
		<difficult>0</difficult>
		<occluded>0</occluded>
		<bndbox>
			<xmin>42</xmin>
			<xmax>105</xmax>
			<ymin>348</ymin>
			<ymax>522</ymax>
		</bndbox>
	</object>
</annotation>
