<annotation>
	<folder></folder>
	<filename>150901-2-_png.rf.3ca4ef45de3e7b052e3483b568a041d1.jpg</filename>
	<path>150901-2-_png.rf.3ca4ef45de3e7b052e3483b568a041d1.jpg</path>
	<source>
		<database>roboflow.com</database>
	</source>
	<size>
		<width>640</width>
		<height>640</height>
		<depth>3</depth>
	</size>
	<segmented>0</segmented>
	<object>
		<name>diver</name>
		<pose>Unspecified</pose>
		<truncated>0</truncated>
		<difficult>0</difficult>
		<occluded>0</occluded>
		<bndbox>
			<xmin>319</xmin>
			<xmax>394</xmax>
			<ymin>222</ymin>
			<ymax>503</ymax>
		</bndbox>
	</object>
	<object>
		<name>diver</name>
		<pose>Unspecified</pose>
		<truncated>0</truncated>
		<difficult>0</difficult>
		<occluded>0</occluded>
		<bndbox>
			<xmin>194</xmin>
			<xmax>430</xmax>
			<ymin>1</ymin>
			<ymax>179</ymax>
		</bndbox>
	</object>
	<object>
		<name>diver</name>
		<pose>Unspecified</pose>
		<truncated>0</truncated>
		<difficult>0</difficult>
		<occluded>0</occluded>
		<bndbox>
			<xmin>563</xmin>
			<xmax>618</xmax>
			<ymin>14</ymin>
			<ymax>149</ymax>
		</bndbox>
	</object>
	<object>
		<name>diver</name>
		<pose>Unspecified</pose>
		<truncated>0</truncated>
		<difficult>0</difficult>
		<occluded>0</occluded>
		<bndbox>
			<xmin>452</xmin>
			<xmax>502</xmax>
			<ymin>67</ymin>
			<ymax>200</ymax>
		</bndbox>
	</object>
</annotation>
