<annotation>
	<folder></folder>
	<filename>151001_png.rf.d23064f7f26b073e18ec70dca62f1427.jpg</filename>
	<path>151001_png.rf.d23064f7f26b073e18ec70dca62f1427.jpg</path>
	<source>
		<database>roboflow.com</database>
	</source>
	<size>
		<width>640</width>
		<height>640</height>
		<depth>3</depth>
	</size>
	<segmented>0</segmented>
	<object>
		<name>diver</name>
		<pose>Unspecified</pose>
		<truncated>0</truncated>
		<difficult>0</difficult>
		<occluded>0</occluded>
		<bndbox>
			<xmin>243</xmin>
			<xmax>335</xmax>
			<ymin>45</ymin>
			<ymax>513</ymax>
		</bndbox>
	</object>
	<object>
		<name>rope</name>
		<pose>Unspecified</pose>
		<truncated>0</truncated>
		<difficult>0</difficult>
		<occluded>0</occluded>
		<bndbox>
			<xmin>322</xmin>
			<xmax>349</xmax>
			<ymin>17</ymin>
			<ymax>641</ymax>
		</bndbox>
	</object>
</annotation>
