<annotation>
	<folder></folder>
	<filename>151101-2-_png.rf.00c54b77a09534e15f695a8e12145aa9.jpg</filename>
	<path>151101-2-_png.rf.00c54b77a09534e15f695a8e12145aa9.jpg</path>
	<source>
		<database>roboflow.com</database>
	</source>
	<size>
		<width>640</width>
		<height>640</height>
		<depth>3</depth>
	</size>
	<segmented>0</segmented>
	<object>
		<name>rope</name>
		<pose>Unspecified</pose>
		<truncated>0</truncated>
		<difficult>0</difficult>
		<occluded>0</occluded>
		<bndbox>
			<xmin>350</xmin>
			<xmax>369</xmax>
			<ymin>19</ymin>
			<ymax>641</ymax>
		</bndbox>
	</object>
	<object>
		<name>diver</name>
		<pose>Unspecified</pose>
		<truncated>0</truncated>
		<difficult>0</difficult>
		<occluded>0</occluded>
		<bndbox>
			<xmin>333</xmin>
			<xmax>389</xmax>
			<ymin>271</ymin>
			<ymax>577</ymax>
		</bndbox>
	</object>
	<object>
		<name>diver</name>
		<pose>Unspecified</pose>
		<truncated>0</truncated>
		<difficult>0</difficult>
		<occluded>0</occluded>
		<bndbox>
			<xmin>204</xmin>
			<xmax>261</xmax>
			<ymin>398</ymin>
			<ymax>615</ymax>
		</bndbox>
	</object>
</annotation>
