<annotation>
	<folder></folder>
	<filename>151201-2-_png.rf.92b470ebb6b1b66659c1b3ccd61bc544.jpg</filename>
	<path>151201-2-_png.rf.92b470ebb6b1b66659c1b3ccd61bc544.jpg</path>
	<source>
		<database>roboflow.com</database>
	</source>
	<size>
		<width>640</width>
		<height>640</height>
		<depth>3</depth>
	</size>
	<segmented>0</segmented>
	<object>
		<name>rope</name>
		<pose>Unspecified</pose>
		<truncated>0</truncated>
		<difficult>0</difficult>
		<occluded>0</occluded>
		<bndbox>
			<xmin>321</xmin>
			<xmax>349</xmax>
			<ymin>11</ymin>
			<ymax>641</ymax>
		</bndbox>
	</object>
	<object>
		<name>diver</name>
		<pose>Unspecified</pose>
		<truncated>0</truncated>
		<difficult>0</difficult>
		<occluded>0</occluded>
		<bndbox>
			<xmin>326</xmin>
			<xmax>359</xmax>
			<ymin>278</ymin>
			<ymax>531</ymax>
		</bndbox>
	</object>
	<object>
		<name>diver</name>
		<pose>Unspecified</pose>
		<truncated>0</truncated>
		<difficult>0</difficult>
		<occluded>0</occluded>
		<bndbox>
			<xmin>203</xmin>
			<xmax>271</xmax>
			<ymin>296</ymin>
			<ymax>462</ymax>
		</bndbox>
	</object>
</annotation>
