<annotation>
	<folder></folder>
	<filename>151301_png.rf.8974b57dadc9b98c48b79981e92e55ea.jpg</filename>
	<path>151301_png.rf.8974b57dadc9b98c48b79981e92e55ea.jpg</path>
	<source>
		<database>roboflow.com</database>
	</source>
	<size>
		<width>640</width>
		<height>640</height>
		<depth>3</depth>
	</size>
	<segmented>0</segmented>
	<object>
		<name>diver</name>
		<pose>Unspecified</pose>
		<truncated>0</truncated>
		<difficult>0</difficult>
		<occluded>0</occluded>
		<bndbox>
			<xmin>283</xmin>
			<xmax>397</xmax>
			<ymin>58</ymin>
			<ymax>641</ymax>
		</bndbox>
	</object>
	<object>
		<name>rope</name>
		<pose>Unspecified</pose>
		<truncated>0</truncated>
		<difficult>0</difficult>
		<occluded>0</occluded>
		<bndbox>
			<xmin>328</xmin>
			<xmax>366</xmax>
			<ymin>27</ymin>
			<ymax>641</ymax>
		</bndbox>
	</object>
</annotation>
