<annotation>
	<folder></folder>
	<filename>151401_png.rf.d7b6cb80f1dc1c7c97a58d84b23044b7.jpg</filename>
	<path>151401_png.rf.d7b6cb80f1dc1c7c97a58d84b23044b7.jpg</path>
	<source>
		<database>roboflow.com</database>
	</source>
	<size>
		<width>640</width>
		<height>640</height>
		<depth>3</depth>
	</size>
	<segmented>0</segmented>
	<object>
		<name>diver</name>
		<pose>Unspecified</pose>
		<truncated>0</truncated>
		<difficult>0</difficult>
		<occluded>0</occluded>
		<bndbox>
			<xmin>287</xmin>
			<xmax>396</xmax>
			<ymin>68</ymin>
			<ymax>641</ymax>
		</bndbox>
	</object>
	<object>
		<name>rope</name>
		<pose>Unspecified</pose>
		<truncated>0</truncated>
		<difficult>0</difficult>
		<occluded>0</occluded>
		<bndbox>
			<xmin>308</xmin>
			<xmax>336</xmax>
			<ymin>26</ymin>
			<ymax>401</ymax>
		</bndbox>
	</object>
</annotation>
