<annotation>
	<folder></folder>
	<filename>151601_png.rf.5646c79a0d15aa57237cb683099a7023.jpg</filename>
	<path>151601_png.rf.5646c79a0d15aa57237cb683099a7023.jpg</path>
	<source>
		<database>roboflow.com</database>
	</source>
	<size>
		<width>640</width>
		<height>640</height>
		<depth>3</depth>
	</size>
	<segmented>0</segmented>
	<object>
		<name>diver</name>
		<pose>Unspecified</pose>
		<truncated>0</truncated>
		<difficult>0</difficult>
		<occluded>0</occluded>
		<bndbox>
			<xmin>343</xmin>
			<xmax>425</xmax>
			<ymin>7</ymin>
			<ymax>597</ymax>
		</bndbox>
	</object>
	<object>
		<name>rope</name>
		<pose>Unspecified</pose>
		<truncated>0</truncated>
		<difficult>0</difficult>
		<occluded>0</occluded>
		<bndbox>
			<xmin>336</xmin>
			<xmax>365</xmax>
			<ymin>1</ymin>
			<ymax>634</ymax>
		</bndbox>
	</object>
</annotation>
