<annotation>
	<folder></folder>
	<filename>153201_png.rf.18b007cc5b584c70e3f7712a33217edb.jpg</filename>
	<path>153201_png.rf.18b007cc5b584c70e3f7712a33217edb.jpg</path>
	<source>
		<database>roboflow.com</database>
	</source>
	<size>
		<width>640</width>
		<height>640</height>
		<depth>3</depth>
	</size>
	<segmented>0</segmented>
	<object>
		<name>rope</name>
		<pose>Unspecified</pose>
		<truncated>0</truncated>
		<difficult>0</difficult>
		<occluded>0</occluded>
		<bndbox>
			<xmin>344</xmin>
			<xmax>383</xmax>
			<ymin>11</ymin>
			<ymax>641</ymax>
		</bndbox>
	</object>
	<object>
		<name>diver</name>
		<pose>Unspecified</pose>
		<truncated>0</truncated>
		<difficult>0</difficult>
		<occluded>0</occluded>
		<bndbox>
			<xmin>274</xmin>
			<xmax>350</xmax>
			<ymin>135</ymin>
			<ymax>624</ymax>
		</bndbox>
	</object>
</annotation>
