<annotation>
	<folder></folder>
	<filename>153301_png.rf.7579028dff8ab23cfaecc7b35bd7e22d.jpg</filename>
	<path>153301_png.rf.7579028dff8ab23cfaecc7b35bd7e22d.jpg</path>
	<source>
		<database>roboflow.com</database>
	</source>
	<size>
		<width>640</width>
		<height>640</height>
		<depth>3</depth>
	</size>
	<segmented>0</segmented>
	<object>
		<name>rope</name>
		<pose>Unspecified</pose>
		<truncated>0</truncated>
		<difficult>0</difficult>
		<occluded>0</occluded>
		<bndbox>
			<xmin>331</xmin>
			<xmax>360</xmax>
			<ymin>6</ymin>
			<ymax>641</ymax>
		</bndbox>
	</object>
	<object>
		<name>diver</name>
		<pose>Unspecified</pose>
		<truncated>0</truncated>
		<difficult>0</difficult>
		<occluded>0</occluded>
		<bndbox>
			<xmin>250</xmin>
			<xmax>349</xmax>
			<ymin>257</ymin>
			<ymax>637</ymax>
		</bndbox>
	</object>
</annotation>
