<annotation>
	<folder></folder>
	<filename>153501_png.rf.3b5337921fb4d7e00b2786ca8227a8bb.jpg</filename>
	<path>153501_png.rf.3b5337921fb4d7e00b2786ca8227a8bb.jpg</path>
	<source>
		<database>roboflow.com</database>
	</source>
	<size>
		<width>640</width>
		<height>640</height>
		<depth>3</depth>
	</size>
	<segmented>0</segmented>
	<object>
		<name>rope</name>
		<pose>Unspecified</pose>
		<truncated>0</truncated>
		<difficult>0</difficult>
		<occluded>0</occluded>
		<bndbox>
			<xmin>334</xmin>
			<xmax>361</xmax>
			<ymin>1</ymin>
			<ymax>641</ymax>
		</bndbox>
	</object>
	<object>
		<name>diver</name>
		<pose>Unspecified</pose>
		<truncated>0</truncated>
		<difficult>0</difficult>
		<occluded>0</occluded>
		<bndbox>
			<xmin>294</xmin>
			<xmax>425</xmax>
			<ymin>1</ymin>
			<ymax>488</ymax>
		</bndbox>
	</object>
</annotation>
