<annotation>
	<folder></folder>
	<filename>154001_png.rf.f97efde4664f43b68cc720a3525c571d.jpg</filename>
	<path>154001_png.rf.f97efde4664f43b68cc720a3525c571d.jpg</path>
	<source>
		<database>roboflow.com</database>
	</source>
	<size>
		<width>640</width>
		<height>640</height>
		<depth>3</depth>
	</size>
	<segmented>0</segmented>
	<object>
		<name>diver</name>
		<pose>Unspecified</pose>
		<truncated>0</truncated>
		<difficult>0</difficult>
		<occluded>0</occluded>
		<bndbox>
			<xmin>353</xmin>
			<xmax>464</xmax>
			<ymin>1</ymin>
			<ymax>518</ymax>
		</bndbox>
	</object>
	<object>
		<name>rope</name>
		<pose>Unspecified</pose>
		<truncated>0</truncated>
		<difficult>0</difficult>
		<occluded>0</occluded>
		<bndbox>
			<xmin>352</xmin>
			<xmax>378</xmax>
			<ymin>1</ymin>
			<ymax>637</ymax>
		</bndbox>
	</object>
</annotation>
