<annotation>
	<folder></folder>
	<filename>157401_png.rf.8acf611d7a4f5801a0028d383b386f07.jpg</filename>
	<path>157401_png.rf.8acf611d7a4f5801a0028d383b386f07.jpg</path>
	<source>
		<database>roboflow.com</database>
	</source>
	<size>
		<width>640</width>
		<height>640</height>
		<depth>3</depth>
	</size>
	<segmented>0</segmented>
	<object>
		<name>diver</name>
		<pose>Unspecified</pose>
		<truncated>0</truncated>
		<difficult>0</difficult>
		<occluded>0</occluded>
		<bndbox>
			<xmin>310</xmin>
			<xmax>373</xmax>
			<ymin>193</ymin>
			<ymax>527</ymax>
		</bndbox>
	</object>
	<object>
		<name>rope</name>
		<pose>Unspecified</pose>
		<truncated>0</truncated>
		<difficult>0</difficult>
		<occluded>0</occluded>
		<bndbox>
			<xmin>303</xmin>
			<xmax>319</xmax>
			<ymin>6</ymin>
			<ymax>641</ymax>
		</bndbox>
	</object>
</annotation>
