<annotation>
	<folder></folder>
	<filename>158501_png.rf.cbaead521347d4470794ba1f21099e71.jpg</filename>
	<path>158501_png.rf.cbaead521347d4470794ba1f21099e71.jpg</path>
	<source>
		<database>roboflow.com</database>
	</source>
	<size>
		<width>640</width>
		<height>640</height>
		<depth>3</depth>
	</size>
	<segmented>0</segmented>
	<object>
		<name>diver</name>
		<pose>Unspecified</pose>
		<truncated>0</truncated>
		<difficult>0</difficult>
		<occluded>0</occluded>
		<bndbox>
			<xmin>216</xmin>
			<xmax>330</xmax>
			<ymin>128</ymin>
			<ymax>503</ymax>
		</bndbox>
	</object>
	<object>
		<name>diver</name>
		<pose>Unspecified</pose>
		<truncated>0</truncated>
		<difficult>0</difficult>
		<occluded>0</occluded>
		<bndbox>
			<xmin>66</xmin>
			<xmax>198</xmax>
			<ymin>389</ymin>
			<ymax>638</ymax>
		</bndbox>
	</object>
	<object>
		<name>rope</name>
		<pose>Unspecified</pose>
		<truncated>0</truncated>
		<difficult>0</difficult>
		<occluded>0</occluded>
		<bndbox>
			<xmin>168</xmin>
			<xmax>231</xmax>
			<ymin>7</ymin>
			<ymax>640</ymax>
		</bndbox>
	</object>
</annotation>
