<annotation>
	<folder></folder>
	<filename>158601_png.rf.5650bee8bdf8919f3c19b7b9cd14acef.jpg</filename>
	<path>158601_png.rf.5650bee8bdf8919f3c19b7b9cd14acef.jpg</path>
	<source>
		<database>roboflow.com</database>
	</source>
	<size>
		<width>640</width>
		<height>640</height>
		<depth>3</depth>
	</size>
	<segmented>0</segmented>
	<object>
		<name>diver</name>
		<pose>Unspecified</pose>
		<truncated>0</truncated>
		<difficult>0</difficult>
		<occluded>0</occluded>
		<bndbox>
			<xmin>135</xmin>
			<xmax>253</xmax>
			<ymin>225</ymin>
			<ymax>499</ymax>
		</bndbox>
	</object>
	<object>
		<name>diver</name>
		<pose>Unspecified</pose>
		<truncated>0</truncated>
		<difficult>0</difficult>
		<occluded>0</occluded>
		<bndbox>
			<xmin>286</xmin>
			<xmax>404</xmax>
			<ymin>239</ymin>
			<ymax>577</ymax>
		</bndbox>
	</object>
	<object>
		<name>rope</name>
		<pose>Unspecified</pose>
		<truncated>0</truncated>
		<difficult>0</difficult>
		<occluded>0</occluded>
		<bndbox>
			<xmin>257</xmin>
			<xmax>314</xmax>
			<ymin>14</ymin>
			<ymax>631</ymax>
		</bndbox>
	</object>
</annotation>
