<annotation>
	<folder></folder>
	<filename>158701_png.rf.876806802fd2bc7b1d2fb4b605d29152.jpg</filename>
	<path>158701_png.rf.876806802fd2bc7b1d2fb4b605d29152.jpg</path>
	<source>
		<database>roboflow.com</database>
	</source>
	<size>
		<width>640</width>
		<height>640</height>
		<depth>3</depth>
	</size>
	<segmented>0</segmented>
	<object>
		<name>diver</name>
		<pose>Unspecified</pose>
		<truncated>0</truncated>
		<difficult>0</difficult>
		<occluded>0</occluded>
		<bndbox>
			<xmin>363</xmin>
			<xmax>450</xmax>
			<ymin>307</ymin>
			<ymax>584</ymax>
		</bndbox>
	</object>
	<object>
		<name>diver</name>
		<pose>Unspecified</pose>
		<truncated>0</truncated>
		<difficult>0</difficult>
		<occluded>0</occluded>
		<bndbox>
			<xmin>196</xmin>
			<xmax>359</xmax>
			<ymin>1</ymin>
			<ymax>223</ymax>
		</bndbox>
	</object>
	<object>
		<name>rope</name>
		<pose>Unspecified</pose>
		<truncated>0</truncated>
		<difficult>0</difficult>
		<occluded>0</occluded>
		<bndbox>
			<xmin>350</xmin>
			<xmax>413</xmax>
			<ymin>10</ymin>
			<ymax>488</ymax>
		</bndbox>
	</object>
</annotation>
