<annotation>
	<folder></folder>
	<filename>158901_png.rf.3ad6ed3f7cb13ef53a227fc2e1a6286f.jpg</filename>
	<path>158901_png.rf.3ad6ed3f7cb13ef53a227fc2e1a6286f.jpg</path>
	<source>
		<database>roboflow.com</database>
	</source>
	<size>
		<width>640</width>
		<height>640</height>
		<depth>3</depth>
	</size>
	<segmented>0</segmented>
	<object>
		<name>diver</name>
		<pose>Unspecified</pose>
		<truncated>0</truncated>
		<difficult>0</difficult>
		<occluded>0</occluded>
		<bndbox>
			<xmin>449</xmin>
			<xmax>544</xmax>
			<ymin>70</ymin>
			<ymax>433</ymax>
		</bndbox>
	</object>
	<object>
		<name>rope</name>
		<pose>Unspecified</pose>
		<truncated>0</truncated>
		<difficult>0</difficult>
		<occluded>0</occluded>
		<bndbox>
			<xmin>437</xmin>
			<xmax>492</xmax>
			<ymin>1</ymin>
			<ymax>346</ymax>
		</bndbox>
	</object>
</annotation>
