<annotation>
	<folder></folder>
	<filename>159101_png.rf.4e61ea04990a87853ccc2823c4dc476d.jpg</filename>
	<path>159101_png.rf.4e61ea04990a87853ccc2823c4dc476d.jpg</path>
	<source>
		<database>roboflow.com</database>
	</source>
	<size>
		<width>640</width>
		<height>640</height>
		<depth>3</depth>
	</size>
	<segmented>0</segmented>
	<object>
		<name>diver</name>
		<pose>Unspecified</pose>
		<truncated>0</truncated>
		<difficult>0</difficult>
		<occluded>0</occluded>
		<bndbox>
			<xmin>316</xmin>
			<xmax>373</xmax>
			<ymin>158</ymin>
			<ymax>503</ymax>
		</bndbox>
	</object>
	<object>
		<name>rope</name>
		<pose>Unspecified</pose>
		<truncated>0</truncated>
		<difficult>0</difficult>
		<occluded>0</occluded>
		<bndbox>
			<xmin>307</xmin>
			<xmax>340</xmax>
			<ymin>1</ymin>
			<ymax>625</ymax>
		</bndbox>
	</object>
</annotation>
