<annotation>
	<folder></folder>
	<filename>159301_png.rf.e5c5089eb34955ba7f18f6baa2354383.jpg</filename>
	<path>159301_png.rf.e5c5089eb34955ba7f18f6baa2354383.jpg</path>
	<source>
		<database>roboflow.com</database>
	</source>
	<size>
		<width>640</width>
		<height>640</height>
		<depth>3</depth>
	</size>
	<segmented>0</segmented>
	<object>
		<name>diver</name>
		<pose>Unspecified</pose>
		<truncated>0</truncated>
		<difficult>0</difficult>
		<occluded>0</occluded>
		<bndbox>
			<xmin>265</xmin>
			<xmax>419</xmax>
			<ymin>1</ymin>
			<ymax>518</ymax>
		</bndbox>
	</object>
	<object>
		<name>rope</name>
		<pose>Unspecified</pose>
		<truncated>0</truncated>
		<difficult>0</difficult>
		<occluded>0</occluded>
		<bndbox>
			<xmin>252</xmin>
			<xmax>286</xmax>
			<ymin>12</ymin>
			<ymax>627</ymax>
		</bndbox>
	</object>
</annotation>
