<annotation>
	<folder></folder>
	<filename>159401_png.rf.0da76f4ade1482fc04c4c0cb6dc77fe7.jpg</filename>
	<path>159401_png.rf.0da76f4ade1482fc04c4c0cb6dc77fe7.jpg</path>
	<source>
		<database>roboflow.com</database>
	</source>
	<size>
		<width>640</width>
		<height>640</height>
		<depth>3</depth>
	</size>
	<segmented>0</segmented>
	<object>
		<name>rope</name>
		<pose>Unspecified</pose>
		<truncated>0</truncated>
		<difficult>0</difficult>
		<occluded>0</occluded>
		<bndbox>
			<xmin>343</xmin>
			<xmax>389</xmax>
			<ymin>1</ymin>
			<ymax>630</ymax>
		</bndbox>
	</object>
	<object>
		<name>diver</name>
		<pose>Unspecified</pose>
		<truncated>0</truncated>
		<difficult>0</difficult>
		<occluded>0</occluded>
		<bndbox>
			<xmin>371</xmin>
			<xmax>443</xmax>
			<ymin>62</ymin>
			<ymax>528</ymax>
		</bndbox>
	</object>
</annotation>
