<annotation>
	<folder></folder>
	<filename>159701_png.rf.4321d27ecf81b7c648bb48f217dfc45f.jpg</filename>
	<path>159701_png.rf.4321d27ecf81b7c648bb48f217dfc45f.jpg</path>
	<source>
		<database>roboflow.com</database>
	</source>
	<size>
		<width>640</width>
		<height>640</height>
		<depth>3</depth>
	</size>
	<segmented>0</segmented>
	<object>
		<name>diver</name>
		<pose>Unspecified</pose>
		<truncated>0</truncated>
		<difficult>0</difficult>
		<occluded>0</occluded>
		<bndbox>
			<xmin>318</xmin>
			<xmax>401</xmax>
			<ymin>177</ymin>
			<ymax>641</ymax>
		</bndbox>
	</object>
	<object>
		<name>rope</name>
		<pose>Unspecified</pose>
		<truncated>0</truncated>
		<difficult>0</difficult>
		<occluded>0</occluded>
		<bndbox>
			<xmin>322</xmin>
			<xmax>358</xmax>
			<ymin>11</ymin>
			<ymax>641</ymax>
		</bndbox>
	</object>
</annotation>
