<annotation>
	<folder></folder>
	<filename>159901_png.rf.f61b8c0f87f8c8f1083f565ab2eafc9f.jpg</filename>
	<path>159901_png.rf.f61b8c0f87f8c8f1083f565ab2eafc9f.jpg</path>
	<source>
		<database>roboflow.com</database>
	</source>
	<size>
		<width>640</width>
		<height>640</height>
		<depth>3</depth>
	</size>
	<segmented>0</segmented>
	<object>
		<name>diver</name>
		<pose>Unspecified</pose>
		<truncated>0</truncated>
		<difficult>0</difficult>
		<occluded>0</occluded>
		<bndbox>
			<xmin>300</xmin>
			<xmax>388</xmax>
			<ymin>74</ymin>
			<ymax>516</ymax>
		</bndbox>
	</object>
	<object>
		<name>rope</name>
		<pose>Unspecified</pose>
		<truncated>0</truncated>
		<difficult>0</difficult>
		<occluded>0</occluded>
		<bndbox>
			<xmin>297</xmin>
			<xmax>330</xmax>
			<ymin>6</ymin>
			<ymax>641</ymax>
		</bndbox>
	</object>
</annotation>
