<annotation>
	<folder></folder>
	<filename>160301_png.rf.71203617095c03b79749c059f5e83616.jpg</filename>
	<path>160301_png.rf.71203617095c03b79749c059f5e83616.jpg</path>
	<source>
		<database>roboflow.com</database>
	</source>
	<size>
		<width>640</width>
		<height>640</height>
		<depth>3</depth>
	</size>
	<segmented>0</segmented>
	<object>
		<name>diver</name>
		<pose>Unspecified</pose>
		<truncated>0</truncated>
		<difficult>0</difficult>
		<occluded>0</occluded>
		<bndbox>
			<xmin>333</xmin>
			<xmax>431</xmax>
			<ymin>10</ymin>
			<ymax>474</ymax>
		</bndbox>
	</object>
	<object>
		<name>rope</name>
		<pose>Unspecified</pose>
		<truncated>0</truncated>
		<difficult>0</difficult>
		<occluded>0</occluded>
		<bndbox>
			<xmin>344</xmin>
			<xmax>364</xmax>
			<ymin>3</ymin>
			<ymax>641</ymax>
		</bndbox>
	</object>
</annotation>
