<annotation>
	<folder></folder>
	<filename>160501_png.rf.b4780410f3e387e66296267c7b31e556.jpg</filename>
	<path>160501_png.rf.b4780410f3e387e66296267c7b31e556.jpg</path>
	<source>
		<database>roboflow.com</database>
	</source>
	<size>
		<width>640</width>
		<height>640</height>
		<depth>3</depth>
	</size>
	<segmented>0</segmented>
	<object>
		<name>diver</name>
		<pose>Unspecified</pose>
		<truncated>0</truncated>
		<difficult>0</difficult>
		<occluded>0</occluded>
		<bndbox>
			<xmin>321</xmin>
			<xmax>422</xmax>
			<ymin>15</ymin>
			<ymax>483</ymax>
		</bndbox>
	</object>
	<object>
		<name>rope</name>
		<pose>Unspecified</pose>
		<truncated>0</truncated>
		<difficult>0</difficult>
		<occluded>0</occluded>
		<bndbox>
			<xmin>333</xmin>
			<xmax>356</xmax>
			<ymin>1</ymin>
			<ymax>634</ymax>
		</bndbox>
	</object>
</annotation>
