<annotation>
	<folder></folder>
	<filename>160601_png.rf.12ebcfbf496797292e614cae4781541f.jpg</filename>
	<path>160601_png.rf.12ebcfbf496797292e614cae4781541f.jpg</path>
	<source>
		<database>roboflow.com</database>
	</source>
	<size>
		<width>640</width>
		<height>640</height>
		<depth>3</depth>
	</size>
	<segmented>0</segmented>
	<object>
		<name>diver</name>
		<pose>Unspecified</pose>
		<truncated>0</truncated>
		<difficult>0</difficult>
		<occluded>0</occluded>
		<bndbox>
			<xmin>309</xmin>
			<xmax>416</xmax>
			<ymin>5</ymin>
			<ymax>503</ymax>
		</bndbox>
	</object>
	<object>
		<name>rope</name>
		<pose>Unspecified</pose>
		<truncated>0</truncated>
		<difficult>0</difficult>
		<occluded>0</occluded>
		<bndbox>
			<xmin>343</xmin>
			<xmax>357</xmax>
			<ymin>6</ymin>
			<ymax>641</ymax>
		</bndbox>
	</object>
</annotation>
