<annotation>
	<folder></folder>
	<filename>160801_png.rf.01585b7beaab3254832e87ae37072f50.jpg</filename>
	<path>160801_png.rf.01585b7beaab3254832e87ae37072f50.jpg</path>
	<source>
		<database>roboflow.com</database>
	</source>
	<size>
		<width>640</width>
		<height>640</height>
		<depth>3</depth>
	</size>
	<segmented>0</segmented>
	<object>
		<name>rope</name>
		<pose>Unspecified</pose>
		<truncated>0</truncated>
		<difficult>0</difficult>
		<occluded>0</occluded>
		<bndbox>
			<xmin>341</xmin>
			<xmax>378</xmax>
			<ymin>8</ymin>
			<ymax>641</ymax>
		</bndbox>
	</object>
	<object>
		<name>diver</name>
		<pose>Unspecified</pose>
		<truncated>0</truncated>
		<difficult>0</difficult>
		<occluded>0</occluded>
		<bndbox>
			<xmin>291</xmin>
			<xmax>397</xmax>
			<ymin>128</ymin>
			<ymax>631</ymax>
		</bndbox>
	</object>
</annotation>
