<annotation>
	<folder></folder>
	<filename>161801_png.rf.3357b9c84e8f3dc2f1a847ce8827bf94.jpg</filename>
	<path>161801_png.rf.3357b9c84e8f3dc2f1a847ce8827bf94.jpg</path>
	<source>
		<database>roboflow.com</database>
	</source>
	<size>
		<width>640</width>
		<height>640</height>
		<depth>3</depth>
	</size>
	<segmented>0</segmented>
	<object>
		<name>diver</name>
		<pose>Unspecified</pose>
		<truncated>0</truncated>
		<difficult>0</difficult>
		<occluded>0</occluded>
		<bndbox>
			<xmin>298</xmin>
			<xmax>368</xmax>
			<ymin>35</ymin>
			<ymax>556</ymax>
		</bndbox>
	</object>
	<object>
		<name>rope</name>
		<pose>Unspecified</pose>
		<truncated>0</truncated>
		<difficult>0</difficult>
		<occluded>0</occluded>
		<bndbox>
			<xmin>293</xmin>
			<xmax>315</xmax>
			<ymin>8</ymin>
			<ymax>641</ymax>
		</bndbox>
	</object>
</annotation>
